source_match,nom,debut,fin,genre,lateralite,set,systeme,coup,type_service,type_coup,zone_jeu,faute,effet_coup,coor_balle_x,coor_balle_y,coor_balle_z,joueur_frappe,joueur_sur
ALEXIS-LEBRUN_vs_DARKO-JORGIC,DARKO-JORGIC,37,87,garcon,coup_droit,1,att/att,DARKO-JORGIC,lat_droit,,m2,,,13.004001998901368,-80.26213598251343,2.0,DARKO-JORGIC,ALEXIS-LEBRUN
ALEXIS-LEBRUN_vs_DARKO-JORGIC,ALEXIS-LEBRUN,88,112,garcon,coup_droit,1,att/att,serveur_point_pour,,offensif,,filet,topspin,,,,ALEXIS-LEBRUN,DARKO-JORGIC
ALEXIS-LEBRUN_vs_DARKO-JORGIC,DARKO-JORGIC,308,335,garcon,coup_droit,1,att/att,DARKO-JORGIC,lat_droit,,m2,,,18.01613044738769,-88.00837462743124,2.0,DARKO-JORGIC,ALEXIS-LEBRUN
ALEXIS-LEBRUN_vs_DARKO-JORGIC,ALEXIS-LEBRUN,336,350,garcon,coup_droit,1,att/att,ALEXIS-LEBRUN,,defensif,m2,,poussette,22.14990463256836,87.25736592610677,2.0,ALEXIS-LEBRUN,DARKO-JORGIC
ALEXIS-LEBRUN_vs_DARKO-JORGIC,DARKO-JORGIC,351,361,garcon,revers,1,att/att,serveur_point_contre,,offensif,d3,pt_gagne,topspin,-63.40912880897522,-131.63723723888398,2.0,DARKO-JORGIC,ALEXIS-LEBRUN
ALEXIS-LEBRUN_vs_DARKO-JORGIC,ALEXIS-LEBRUN,607,616,garcon,coup_droit,1,att/att,ALEXIS-LEBRUN,lat_droit,,d2,,,53.06508712768554,58.24883117675781,2.0,ALEXIS-LEBRUN,DARKO-JORGIC
ALEXIS-LEBRUN_vs_DARKO-JORGIC,DARKO-JORGIC,617,640,garcon,coup_droit,1,att/att,serveur_point_pour,,defensif,,filet,poussette,,,,DARKO-JORGIC,ALEXIS-LEBRUN
ALEXIS-LEBRUN_vs_DARKO-JORGIC,ALEXIS-LEBRUN,790,819,garcon,coup_droit,1,att/att,ALEXIS-LEBRUN,lat_droit,,g2,,,-34.43202781677246,63.68615455627442,2.0,ALEXIS-LEBRUN,DARKO-JORGIC
ALEXIS-LEBRUN_vs_DARKO-JORGIC,DARKO-JORGIC,820,832,garcon,revers,1,att/att,DARKO-JORGIC,,defensif,m2,,poussette,-2.4740718841552733,-61.440353584289554,2.0,DARKO-JORGIC,ALEXIS-LEBRUN
ALEXIS-LEBRUN_vs_DARKO-JORGIC,ALEXIS-LEBRUN,833,850,garcon,revers,1,att/att,ALEXIS-LEBRUN,,defensif,m3,,poussette,7.036357879638672,105.77894605000814,2.0,ALEXIS-LEBRUN,DARKO-JORGIC
ALEXIS-LEBRUN_vs_DARKO-JORGIC,DARKO-JORGIC,851,864,garcon,revers,1,att/att,DARKO-JORGIC,,offensif,m2,,topspin,15.724590301513672,-62.04608879089356,2.0,DARKO-JORGIC,ALEXIS-LEBRUN
ALEXIS-LEBRUN_vs_DARKO-JORGIC,ALEXIS-LEBRUN,865,884,garcon,revers,1,att/att,serveur_point_pour,,offensif,,out,topspin,,,,ALEXIS-LEBRUN,DARKO-JORGIC
ALEXIS-LEBRUN_vs_DARKO-JORGIC,DARKO-JORGIC,1171,1196,garcon,coup_droit,1,att/att,DARKO-JORGIC,lat_droit,,m2,,,-18.73096427917481,-57.23584938049317,2.0,DARKO-JORGIC,ALEXIS-LEBRUN
ALEXIS-LEBRUN_vs_DARKO-JORGIC,ALEXIS-LEBRUN,1197,1214,garcon,coup_droit,1,att/att,ALEXIS-LEBRUN,,intermediaire,m2,,topspin,9.434551239013672,85.69581413269043,2.0,ALEXIS-LEBRUN,DARKO-JORGIC
ALEXIS-LEBRUN_vs_DARKO-JORGIC,DARKO-JORGIC,1215,1238,garcon,revers,1,att/att,serveur_point_pour,,offensif,,filet,topspin,,,,DARKO-JORGIC,ALEXIS-LEBRUN
ALEXIS-LEBRUN_vs_DARKO-JORGIC,DARKO-JORGIC,1475,1484,garcon,coup_droit,1,att/att,DARKO-JORGIC,lat_droit,,m2,,,8.053350448608398,-59.19326349894206,2.0,DARKO-JORGIC,ALEXIS-LEBRUN
ALEXIS-LEBRUN_vs_DARKO-JORGIC,ALEXIS-LEBRUN,1485,1495,garcon,revers,1,att/att,ALEXIS-LEBRUN,,offensif,m3,,topspin,2.054293823242188,131.41338335673015,2.0,ALEXIS-LEBRUN,DARKO-JORGIC
ALEXIS-LEBRUN_vs_DARKO-JORGIC,DARKO-JORGIC,1496,1515,garcon,coup_droit,1,att/att,DARKO-JORGIC,,defensif,d3,,coupe,-57.27049617767334,-130.80914576450985,2.0,DARKO-JORGIC,ALEXIS-LEBRUN
ALEXIS-LEBRUN_vs_DARKO-JORGIC,ALEXIS-LEBRUN,1516,1528,garcon,coup_droit,1,att/att,serveur_point_contre,,offensif,g2,pt_gagne,topspin,-70.2791336774826,85.30024795532226,2.0,ALEXIS-LEBRUN,DARKO-JORGIC
ALEXIS-LEBRUN_vs_DARKO-JORGIC,ALEXIS-LEBRUN,1889,1901,garcon,revers,1,att/att,ALEXIS-LEBRUN,lat_gauche,,g2,,,-48.809931945800784,89.81486231486002,2.0,ALEXIS-LEBRUN,DARKO-JORGIC
ALEXIS-LEBRUN_vs_DARKO-JORGIC,DARKO-JORGIC,1902,1917,garcon,revers,1,att/att,DARKO-JORGIC,,defensif,m2,,poussette,-7.803311538696289,-58.37185440063477,2.0,DARKO-JORGIC,ALEXIS-LEBRUN
ALEXIS-LEBRUN_vs_DARKO-JORGIC,ALEXIS-LEBRUN,1918,1927,garcon,coup_droit,1,att/att,ALEXIS-LEBRUN,,offensif,d2,,topspin,57.78886413574219,76.26307551066081,2.0,ALEXIS-LEBRUN,DARKO-JORGIC
ALEXIS-LEBRUN_vs_DARKO-JORGIC,DARKO-JORGIC,1928,1941,garcon,coup_droit,1,att/att,DARKO-JORGIC,,intermediaire,g1,,bloc,63.5575454711914,-43.89999777475993,2.0,DARKO-JORGIC,ALEXIS-LEBRUN
ALEXIS-LEBRUN_vs_DARKO-JORGIC,ALEXIS-LEBRUN,1942,1957,garcon,coup_droit,1,att/att,ALEXIS-LEBRUN,,intermediaire,m3,,bloc,17.399158096313478,117.15463981628416,2.0,ALEXIS-LEBRUN,DARKO-JORGIC
ALEXIS-LEBRUN_vs_DARKO-JORGIC,DARKO-JORGIC,1958,1974,garcon,coup_droit,1,att/att,DARKO-JORGIC,,offensif,d2,,topspin,-47.685755252838135,-79.92599531809489,2.0,DARKO-JORGIC,ALEXIS-LEBRUN
ALEXIS-LEBRUN_vs_DARKO-JORGIC,ALEXIS-LEBRUN,1975,1987,garcon,coup_droit,1,att/att,ALEXIS-LEBRUN,,offensif,d3,,topspin,41.70368957519531,95.62695185343424,2.0,ALEXIS-LEBRUN,DARKO-JORGIC
ALEXIS-LEBRUN_vs_DARKO-JORGIC,DARKO-JORGIC,1988,2005,garcon,coup_droit,1,att/att,serveur_point_pour,,intermediaire,,out,topspin,,,,DARKO-JORGIC,ALEXIS-LEBRUN
ALEXIS-LEBRUN_vs_DARKO-JORGIC,ALEXIS-LEBRUN,2293,2323,garcon,coup_droit,1,att/att,serveur_point_pour,lat_droit,,,filet,,,,,ALEXIS-LEBRUN,DARKO-JORGIC
ALEXIS-LEBRUN_vs_DARKO-JORGIC,DARKO-JORGIC,2521,2543,garcon,revers,1,att/att,DARKO-JORGIC,lat_gauche,,d2,,,-30.089060401916505,-68.19962352116903,2.0,DARKO-JORGIC,ALEXIS-LEBRUN
ALEXIS-LEBRUN_vs_DARKO-JORGIC,ALEXIS-LEBRUN,2544,2553,garcon,coup_droit,1,att/att,ALEXIS-LEBRUN,,offensif,d3,,topspin,48.8119758605957,102.3533711751302,2.0,ALEXIS-LEBRUN,DARKO-JORGIC
ALEXIS-LEBRUN_vs_DARKO-JORGIC,DARKO-JORGIC,2554,2574,garcon,coup_droit,1,att/att,serveur_point_pour,,intermediaire,,out,topspin,,,,DARKO-JORGIC,ALEXIS-LEBRUN
ALEXIS-LEBRUN_vs_DARKO-JORGIC,DARKO-JORGIC,2826,2827,garcon,revers,1,att/att,DARKO-JORGIC,lat_gauche,,m3,,,,,,DARKO-JORGIC,ALEXIS-LEBRUN
ALEXIS-LEBRUN_vs_DARKO-JORGIC,ALEXIS-LEBRUN,2828,2834,garcon,revers,1,att/att,serveur_point_pour,,defensif,,filet,poussette,,,,ALEXIS-LEBRUN,DARKO-JORGIC
ALEXIS-LEBRUN_vs_DARKO-JORGIC,ALEXIS-LEBRUN,3108,3134,garcon,coup_droit,1,att/att,ALEXIS-LEBRUN,lat_droit,,g2,,,-61.220732069015504,62.71534767150879,2.0,ALEXIS-LEBRUN,DARKO-JORGIC
ALEXIS-LEBRUN_vs_DARKO-JORGIC,DARKO-JORGIC,3135,3153,garcon,revers,1,att/att,DARKO-JORGIC,,defensif,g2,,poussette,47.20367584228516,-85.30715516408284,2.0,DARKO-JORGIC,ALEXIS-LEBRUN
ALEXIS-LEBRUN_vs_DARKO-JORGIC,ALEXIS-LEBRUN,3154,3163,garcon,coup_droit,1,att/att,serveur_point_contre,,offensif,g3,pt_gagne,topspin,-54.69246730804444,101.2293514251709,2.0,ALEXIS-LEBRUN,DARKO-JORGIC
ALEXIS-LEBRUN_vs_DARKO-JORGIC,ALEXIS-LEBRUN,3430,3469,garcon,coup_droit,1,att/att,ALEXIS-LEBRUN,lat_droit,,d2,,,55.382958984375,61.10611610412597,2.0,ALEXIS-LEBRUN,DARKO-JORGIC
ALEXIS-LEBRUN_vs_DARKO-JORGIC,DARKO-JORGIC,3470,3487,garcon,coup_droit,1,att/att,DARKO-JORGIC,,defensif,g3,,poussette,27.83694534301758,-104.82210165659586,2.0,DARKO-JORGIC,ALEXIS-LEBRUN
ALEXIS-LEBRUN_vs_DARKO-JORGIC,ALEXIS-LEBRUN,3488,3497,garcon,coup_droit,1,att/att,ALEXIS-LEBRUN,,offensif,d3,,topspin,41.82735366821289,109.77038942972818,2.0,ALEXIS-LEBRUN,DARKO-JORGIC
ALEXIS-LEBRUN_vs_DARKO-JORGIC,DARKO-JORGIC,3498,3507,garcon,coup_droit,1,att/att,serveur_point_contre,,intermediaire,d2,pt_gagne,topspin,-50.57582902908325,-71.2644731203715,2.0,DARKO-JORGIC,ALEXIS-LEBRUN
ALEXIS-LEBRUN_vs_DARKO-JORGIC,DARKO-JORGIC,3966,3997,garcon,revers,1,att/att,DARKO-JORGIC,lat_gauche,,m2,,,-16.0702112197876,-67.31753463745117,2.0,DARKO-JORGIC,ALEXIS-LEBRUN
ALEXIS-LEBRUN_vs_DARKO-JORGIC,ALEXIS-LEBRUN,3998,4020,garcon,coup_droit,1,att/att,serveur_point_pour,,offensif,,filet,topspin,,,,ALEXIS-LEBRUN,DARKO-JORGIC
ALEXIS-LEBRUN_vs_DARKO-JORGIC,DARKO-JORGIC,4236,4261,garcon,revers,1,att/att,DARKO-JORGIC,lat_gauche,,m2,,,-18.748377418518068,-58.94476947784424,2.0,DARKO-JORGIC,ALEXIS-LEBRUN
ALEXIS-LEBRUN_vs_DARKO-JORGIC,ALEXIS-LEBRUN,4262,4273,garcon,coup_droit,1,att/att,ALEXIS-LEBRUN,,defensif,d2,,poussette,36.65382843017578,64.67831891377767,2.0,ALEXIS-LEBRUN,DARKO-JORGIC
ALEXIS-LEBRUN_vs_DARKO-JORGIC,DARKO-JORGIC,4274,4288,garcon,coup_droit,1,att/att,DARKO-JORGIC,,defensif,m3,,poussette,15.188678741455078,-119.39566758473714,2.0,DARKO-JORGIC,ALEXIS-LEBRUN
ALEXIS-LEBRUN_vs_DARKO-JORGIC,ALEXIS-LEBRUN,4289,4298,garcon,revers,1,att/att,ALEXIS-LEBRUN,,offensif,m2,,topspin,24.43094253540039,64.38846003214518,2.0,ALEXIS-LEBRUN,DARKO-JORGIC
ALEXIS-LEBRUN_vs_DARKO-JORGIC,DARKO-JORGIC,4299,4309,garcon,revers,1,att/att,DARKO-JORGIC,,intermediaire,m3,,bloc,12.880308914184573,-93.41131874720256,2.0,DARKO-JORGIC,ALEXIS-LEBRUN
ALEXIS-LEBRUN_vs_DARKO-JORGIC,ALEXIS-LEBRUN,4310,4343,garcon,revers,1,att/att,serveur_point_pour,,offensif,,out,topspin,,,,ALEXIS-LEBRUN,DARKO-JORGIC
ALEXIS-LEBRUN_vs_DARKO-JORGIC,ALEXIS-LEBRUN,4709,4733,garcon,coup_droit,1,att/att,ALEXIS-LEBRUN,lat_droit,,d2,,,52.99952239990235,50.49599889119466,2.0,ALEXIS-LEBRUN,DARKO-JORGIC
ALEXIS-LEBRUN_vs_DARKO-JORGIC,DARKO-JORGIC,4734,4747,garcon,coup_droit,1,att/att,DARKO-JORGIC,,defensif,m2,,poussette,-5.179483032226562,-64.95258649190266,2.0,DARKO-JORGIC,ALEXIS-LEBRUN
ALEXIS-LEBRUN_vs_DARKO-JORGIC,ALEXIS-LEBRUN,4748,4762,garcon,coup_droit,1,att/att,ALEXIS-LEBRUN,,defensif,m1,,poussette,24.180012130737303,36.99499270121257,2.0,ALEXIS-LEBRUN,DARKO-JORGIC
ALEXIS-LEBRUN_vs_DARKO-JORGIC,DARKO-JORGIC,4763,4781,garcon,coup_droit,1,att/att,DARKO-JORGIC,,defensif,m2,,poussette,-16.035725593566895,-63.91012058258057,2.0,DARKO-JORGIC,ALEXIS-LEBRUN
ALEXIS-LEBRUN_vs_DARKO-JORGIC,ALEXIS-LEBRUN,4782,4795,garcon,coup_droit,1,att/att,ALEXIS-LEBRUN,,intermediaire,m2,,topspin,-6.619348526000977,60.971334075927736,2.0,ALEXIS-LEBRUN,DARKO-JORGIC
ALEXIS-LEBRUN_vs_DARKO-JORGIC,DARKO-JORGIC,4796,4825,garcon,coup_droit,1,att/att,serveur_point_pour,,offensif,,out,topspin,,,,DARKO-JORGIC,ALEXIS-LEBRUN
ALEXIS-LEBRUN_vs_DARKO-JORGIC,ALEXIS-LEBRUN,5078,5133,garcon,coup_droit,1,att/att,ALEXIS-LEBRUN,lat_droit,,m3,,,-6.22069091796875,101.15536677042644,2.0,ALEXIS-LEBRUN,DARKO-JORGIC
ALEXIS-LEBRUN_vs_DARKO-JORGIC,DARKO-JORGIC,5134,5144,garcon,revers,1,att/att,DARKO-JORGIC,,offensif,g3,,topspin,32.56271553039551,-123.49732797940572,2.0,DARKO-JORGIC,ALEXIS-LEBRUN
ALEXIS-LEBRUN_vs_DARKO-JORGIC,ALEXIS-LEBRUN,5145,5152,garcon,revers,1,att/att,ALEXIS-LEBRUN,,offensif,g3,,topspin,-66.68398766517639,126.336105855306,2.0,ALEXIS-LEBRUN,DARKO-JORGIC
ALEXIS-LEBRUN_vs_DARKO-JORGIC,DARKO-JORGIC,5153,5161,garcon,revers,1,att/att,DARKO-JORGIC,,offensif,g3,,bloc,42.32870712280273,-104.72428146998088,2.0,DARKO-JORGIC,ALEXIS-LEBRUN
ALEXIS-LEBRUN_vs_DARKO-JORGIC,ALEXIS-LEBRUN,5162,5171,garcon,revers,1,att/att,ALEXIS-LEBRUN,,offensif,g2,,topspin,-28.51682605743408,82.06626319885254,2.0,ALEXIS-LEBRUN,DARKO-JORGIC
ALEXIS-LEBRUN_vs_DARKO-JORGIC,DARKO-JORGIC,5172,5195,garcon,revers,1,att/att,serveur_point_pour,,offensif,,out,bloc,,,,DARKO-JORGIC,ALEXIS-LEBRUN
ALEXIS-LEBRUN_vs_DARKO-JORGIC,DARKO-JORGIC,5512,5540,garcon,revers,1,att/att,DARKO-JORGIC,lat_gauche,,m2,,,-13.272639083862304,-62.0512887954712,2.0,DARKO-JORGIC,ALEXIS-LEBRUN
ALEXIS-LEBRUN_vs_DARKO-JORGIC,ALEXIS-LEBRUN,5541,5553,garcon,revers,1,att/att,ALEXIS-LEBRUN,,defensif,m2,,poussette,-6.386704635620117,84.4216475168864,2.0,ALEXIS-LEBRUN,DARKO-JORGIC
ALEXIS-LEBRUN_vs_DARKO-JORGIC,DARKO-JORGIC,5554,5564,garcon,revers,1,att/att,DARKO-JORGIC,,offensif,d3,,topspin,-47.99464006423951,-108.2901824315389,2.0,DARKO-JORGIC,ALEXIS-LEBRUN
ALEXIS-LEBRUN_vs_DARKO-JORGIC,ALEXIS-LEBRUN,5565,5598,garcon,coup_droit,1,att/att,serveur_point_pour,,intermediaire,,out,bloc,,,,ALEXIS-LEBRUN,DARKO-JORGIC
ALEXIS-LEBRUN_vs_DARKO-JORGIC,DARKO-JORGIC,6033,6047,garcon,revers,1,att/att,DARKO-JORGIC,lat_gauche,,m2,,,-5.080128479003906,-54.8711015701294,2.0,DARKO-JORGIC,ALEXIS-LEBRUN
ALEXIS-LEBRUN_vs_DARKO-JORGIC,ALEXIS-LEBRUN,6048,6073,garcon,coup_droit,1,att/att,serveur_point_pour,,defensif,,out,poussette,,,,ALEXIS-LEBRUN,DARKO-JORGIC
ALEXIS-LEBRUN_vs_DARKO-JORGIC,ALEXIS-LEBRUN,6796,6814,garcon,coup_droit,1,att/att,ALEXIS-LEBRUN,lat_droit,,m3,,,7.067915344238282,109.06761360168456,2.0,ALEXIS-LEBRUN,DARKO-JORGIC
ALEXIS-LEBRUN_vs_DARKO-JORGIC,DARKO-JORGIC,6815,6824,garcon,revers,1,att/att,DARKO-JORGIC,,intermediaire,m3,,topspin,17.712717819213868,-120.69403229554494,2.0,DARKO-JORGIC,ALEXIS-LEBRUN
ALEXIS-LEBRUN_vs_DARKO-JORGIC,ALEXIS-LEBRUN,6825,6846,garcon,revers,1,att/att,serveur_point_pour,,offensif,,out,topspin,,,,ALEXIS-LEBRUN,DARKO-JORGIC
ALEXIS-LEBRUN_vs_FAN-ZHENDONG,ALEXIS-LEBRUN,63,112,garcon,coup_droit,1,att/att,serveur_point_contre,lat_droit,,g2,pt_gagne,,,,,ALEXIS-LEBRUN,FAN-ZHENDONG
ALEXIS-LEBRUN_vs_FAN-ZHENDONG,ALEXIS-LEBRUN,395,430,garcon,coup_droit,1,att/att,ALEXIS-LEBRUN,lat_droit,,d2,,,29.510773849487304,58.7541810353597,2.0,ALEXIS-LEBRUN,FAN-ZHENDONG
ALEXIS-LEBRUN_vs_FAN-ZHENDONG,FAN-ZHENDONG,431,442,garcon,coup_droit,1,att/att,FAN-ZHENDONG,,defensif,g3,,poussette,43.98161087036133,-111.61393259366352,2.0,FAN-ZHENDONG,ALEXIS-LEBRUN
ALEXIS-LEBRUN_vs_FAN-ZHENDONG,ALEXIS-LEBRUN,443,454,garcon,coup_droit,1,att/att,ALEXIS-LEBRUN,,offensif,d3,,topspin,52.39391479492188,108.46078961690267,2.0,ALEXIS-LEBRUN,FAN-ZHENDONG
ALEXIS-LEBRUN_vs_FAN-ZHENDONG,FAN-ZHENDONG,455,472,garcon,coup_droit,1,att/att,serveur_point_pour,,intermediaire,,filet,bloc,,,,FAN-ZHENDONG,ALEXIS-LEBRUN
ALEXIS-LEBRUN_vs_FAN-ZHENDONG,FAN-ZHENDONG,796,832,garcon,coup_droit,1,att/att,FAN-ZHENDONG,lat_droit,,g3,,,69.92502136230469,-114.39086351394651,2.0,FAN-ZHENDONG,ALEXIS-LEBRUN
ALEXIS-LEBRUN_vs_FAN-ZHENDONG,ALEXIS-LEBRUN,833,841,garcon,revers,1,att/att,ALEXIS-LEBRUN,,offensif,g3,,topspin,-26.65277938842773,102.81534411112467,2.0,ALEXIS-LEBRUN,FAN-ZHENDONG
ALEXIS-LEBRUN_vs_FAN-ZHENDONG,FAN-ZHENDONG,842,850,garcon,revers,1,att/att,FAN-ZHENDONG,,offensif,g3,,bloc,30.450967407226564,-102.5556901137034,2.0,FAN-ZHENDONG,ALEXIS-LEBRUN
ALEXIS-LEBRUN_vs_FAN-ZHENDONG,ALEXIS-LEBRUN,851,867,garcon,revers,1,att/att,serveur_point_pour,,offensif,,out,topspin,,,,ALEXIS-LEBRUN,FAN-ZHENDONG
ALEXIS-LEBRUN_vs_FAN-ZHENDONG,FAN-ZHENDONG,1089,1111,garcon,coup_droit,1,att/att,FAN-ZHENDONG,lat_droit,,g2,,,44.45914764404297,-53.16686757405599,2.0,FAN-ZHENDONG,ALEXIS-LEBRUN
ALEXIS-LEBRUN_vs_FAN-ZHENDONG,ALEXIS-LEBRUN,1112,1123,garcon,revers,1,att/att,ALEXIS-LEBRUN,,defensif,m2,,poussette,3.27977294921875,51.63512217203776,2.0,ALEXIS-LEBRUN,FAN-ZHENDONG
ALEXIS-LEBRUN_vs_FAN-ZHENDONG,FAN-ZHENDONG,1124,1140,garcon,coup_droit,1,att/att,FAN-ZHENDONG,,defensif,m2,,poussette,-10.106818008422852,-51.64416338602702,2.0,FAN-ZHENDONG,ALEXIS-LEBRUN
ALEXIS-LEBRUN_vs_FAN-ZHENDONG,ALEXIS-LEBRUN,1141,1159,garcon,coup_droit,1,att/att,serveur_point_pour,,defensif,,filet,poussette,,,,ALEXIS-LEBRUN,FAN-ZHENDONG
ALEXIS-LEBRUN_vs_FAN-ZHENDONG,ALEXIS-LEBRUN,1398,1416,garcon,coup_droit,1,att/att,ALEXIS-LEBRUN,lat_droit,,d2,,,45.344604873657225,55.20575714111328,2.0,ALEXIS-LEBRUN,FAN-ZHENDONG
ALEXIS-LEBRUN_vs_FAN-ZHENDONG,FAN-ZHENDONG,1417,1426,garcon,coup_droit,1,att/att,FAN-ZHENDONG,,intermediaire,d3,,flip,-36.49056892395019,-92.19078534444174,2.0,FAN-ZHENDONG,ALEXIS-LEBRUN
ALEXIS-LEBRUN_vs_FAN-ZHENDONG,ALEXIS-LEBRUN,1427,1438,garcon,coup_droit,1,att/att,ALEXIS-LEBRUN,,offensif,m3,,topspin,-24.113005065917967,95.25554784138996,2.0,ALEXIS-LEBRUN,FAN-ZHENDONG
ALEXIS-LEBRUN_vs_FAN-ZHENDONG,FAN-ZHENDONG,1439,1452,garcon,revers,1,att/att,FAN-ZHENDONG,,intermediaire,g2,,bloc,70.22741928100587,-74.84259017308553,2.0,FAN-ZHENDONG,ALEXIS-LEBRUN
ALEXIS-LEBRUN_vs_FAN-ZHENDONG,ALEXIS-LEBRUN,1453,1473,garcon,revers,1,att/att,serveur_point_contre,,defensif,g1,pt_gagne,coupe,-76.0,32.03643557230632,2.0,ALEXIS-LEBRUN,FAN-ZHENDONG
ALEXIS-LEBRUN_vs_FAN-ZHENDONG,ALEXIS-LEBRUN,1746,1783,garcon,coup_droit,1,att/att,ALEXIS-LEBRUN,lat_droit,,m2,,,5.825048446655273,62.84734242757161,2.0,ALEXIS-LEBRUN,FAN-ZHENDONG
ALEXIS-LEBRUN_vs_FAN-ZHENDONG,FAN-ZHENDONG,1784,1798,garcon,revers,1,att/att,serveur_point_contre,,offensif,d3,pt_gagne,flip,-75.86837891712784,-124.56710806687671,2.0,FAN-ZHENDONG,ALEXIS-LEBRUN
ALEXIS-LEBRUN_vs_FAN-ZHENDONG,FAN-ZHENDONG,2373,2391,garcon,coup_droit,1,att/att,FAN-ZHENDONG,lat_droit,,g3,,,52.71953506469727,-123.78399456342062,2.0,FAN-ZHENDONG,ALEXIS-LEBRUN
ALEXIS-LEBRUN_vs_FAN-ZHENDONG,ALEXIS-LEBRUN,2392,2411,garcon,revers,1,att/att,serveur_point_pour,,offensif,,filet,topspin,,,,ALEXIS-LEBRUN,FAN-ZHENDONG
ALEXIS-LEBRUN_vs_FAN-ZHENDONG,FAN-ZHENDONG,2720,2758,garcon,coup_droit,1,att/att,FAN-ZHENDONG,lat_droit,,g2,,,48.84285202026367,-59.57430973052978,2.0,FAN-ZHENDONG,ALEXIS-LEBRUN
ALEXIS-LEBRUN_vs_FAN-ZHENDONG,ALEXIS-LEBRUN,2759,2780,garcon,revers,1,att/att,ALEXIS-LEBRUN,,defensif,g3,,poussette,-26.49754695892334,118.92203165690104,2.0,ALEXIS-LEBRUN,FAN-ZHENDONG
ALEXIS-LEBRUN_vs_FAN-ZHENDONG,FAN-ZHENDONG,2781,2791,garcon,revers,1,att/att,FAN-ZHENDONG,,offensif,m2,,topspin,-0.3423049926757812,-76.66341489156088,2.0,FAN-ZHENDONG,ALEXIS-LEBRUN
ALEXIS-LEBRUN_vs_FAN-ZHENDONG,ALEXIS-LEBRUN,2792,2804,garcon,coup_droit,1,att/att,ALEXIS-LEBRUN,,offensif,m3,,topspin,3.778517150878906,106.91836547851562,2.0,ALEXIS-LEBRUN,FAN-ZHENDONG
ALEXIS-LEBRUN_vs_FAN-ZHENDONG,FAN-ZHENDONG,2805,2813,garcon,revers,1,att/att,FAN-ZHENDONG,,offensif,g3,,bloc,72.17979278564454,-93.01998138427734,2.0,FAN-ZHENDONG,ALEXIS-LEBRUN
ALEXIS-LEBRUN_vs_FAN-ZHENDONG,ALEXIS-LEBRUN,2814,2839,garcon,revers,1,att/att,serveur_point_pour,,intermediaire,,out,bloc,,,,ALEXIS-LEBRUN,FAN-ZHENDONG
ALEXIS-LEBRUN_vs_FAN-ZHENDONG,ALEXIS-LEBRUN,3092,3127,garcon,coup_droit,1,att/att,ALEXIS-LEBRUN,lat_droit,,m1,,,22.41202583312988,45.24225222269694,2.0,ALEXIS-LEBRUN,FAN-ZHENDONG
ALEXIS-LEBRUN_vs_FAN-ZHENDONG,FAN-ZHENDONG,3128,3160,garcon,coup_droit,1,att/att,serveur_point_pour,,defensif,,out,poussette,,,,FAN-ZHENDONG,ALEXIS-LEBRUN
ALEXIS-LEBRUN_vs_FAN-ZHENDONG,ALEXIS-LEBRUN,3427,3446,garcon,coup_droit,1,att/att,ALEXIS-LEBRUN,lat_droit,,d2,,,29.4172176361084,47.73684336344401,2.0,ALEXIS-LEBRUN,FAN-ZHENDONG
ALEXIS-LEBRUN_vs_FAN-ZHENDONG,FAN-ZHENDONG,3447,3462,garcon,coup_droit,1,att/att,FAN-ZHENDONG,,defensif,m2,,poussette,-20.30394878387451,-49.45304520924886,2.0,FAN-ZHENDONG,ALEXIS-LEBRUN
ALEXIS-LEBRUN_vs_FAN-ZHENDONG,ALEXIS-LEBRUN,3463,3488,garcon,coup_droit,1,att/att,serveur_point_pour,,intermediaire,,out,flip,,,,ALEXIS-LEBRUN,FAN-ZHENDONG
ALEXIS-LEBRUN_vs_FAN-ZHENDONG,FAN-ZHENDONG,3899,3929,garcon,coup_droit,1,att/att,FAN-ZHENDONG,lat_droit,,m2,,,7.131392669677735,-63.16030082702637,2.0,FAN-ZHENDONG,ALEXIS-LEBRUN
ALEXIS-LEBRUN_vs_FAN-ZHENDONG,ALEXIS-LEBRUN,3930,3944,garcon,revers,1,att/att,ALEXIS-LEBRUN,,intermediaire,m3,,flip,,,,ALEXIS-LEBRUN,FAN-ZHENDONG
ALEXIS-LEBRUN_vs_FAN-ZHENDONG,FAN-ZHENDONG,3945,3955,garcon,revers,1,att/att,FAN-ZHENDONG,,offensif,m2,,topspin,14.157951354980469,-86.4560295422872,2.0,FAN-ZHENDONG,ALEXIS-LEBRUN
ALEXIS-LEBRUN_vs_FAN-ZHENDONG,ALEXIS-LEBRUN,3956,3968,garcon,revers,1,att/att,ALEXIS-LEBRUN,,intermediaire,m2,,topspin,-6.380239486694336,79.31712443033854,2.0,ALEXIS-LEBRUN,FAN-ZHENDONG
ALEXIS-LEBRUN_vs_FAN-ZHENDONG,FAN-ZHENDONG,3969,3980,garcon,coup_droit,1,att/att,FAN-ZHENDONG,,offensif,m2,,topspin,-5.2909198760986325,-74.28618532816569,2.0,FAN-ZHENDONG,ALEXIS-LEBRUN
ALEXIS-LEBRUN_vs_FAN-ZHENDONG,ALEXIS-LEBRUN,3981,4007,garcon,revers,1,att/att,serveur_point_pour,,intermediaire,,out,bloc,,,,ALEXIS-LEBRUN,FAN-ZHENDONG
ALEXIS-LEBRUN_vs_FAN-ZHENDONG,FAN-ZHENDONG,4451,4490,garcon,coup_droit,1,att/att,FAN-ZHENDONG,lat_droit,,m2,,,21.5951774597168,-49.37596842447917,2.0,FAN-ZHENDONG,ALEXIS-LEBRUN
ALEXIS-LEBRUN_vs_FAN-ZHENDONG,ALEXIS-LEBRUN,4491,4502,garcon,coup_droit,1,att/att,ALEXIS-LEBRUN,,defensif,d2,,poussette,34.19338264465332,69.46329867045084,2.0,ALEXIS-LEBRUN,FAN-ZHENDONG
ALEXIS-LEBRUN_vs_FAN-ZHENDONG,FAN-ZHENDONG,4503,4516,garcon,coup_droit,1,att/att,FAN-ZHENDONG,,defensif,g3,,poussette,30.24075584411621,-127.44716805617014,2.0,FAN-ZHENDONG,ALEXIS-LEBRUN
ALEXIS-LEBRUN_vs_FAN-ZHENDONG,ALEXIS-LEBRUN,4517,4527,garcon,coup_droit,1,att/att,serveur_point_contre,,offensif,g3,pt_gagne,topspin,-64.57958984375,129.42978630065917,2.0,ALEXIS-LEBRUN,FAN-ZHENDONG
ALEXIS-LEBRUN_vs_FAN-ZHENDONG,ALEXIS-LEBRUN,4977,5010,garcon,revers,1,att/att,ALEXIS-LEBRUN,lat_gauche,,d2,,,56.40326385498047,65.32693456013997,2.0,ALEXIS-LEBRUN,FAN-ZHENDONG
ALEXIS-LEBRUN_vs_FAN-ZHENDONG,FAN-ZHENDONG,5011,5024,garcon,coup_droit,1,att/att,FAN-ZHENDONG,,defensif,g2,,poussette,57.360975646972655,-86.91233647664389,2.0,FAN-ZHENDONG,ALEXIS-LEBRUN
ALEXIS-LEBRUN_vs_FAN-ZHENDONG,ALEXIS-LEBRUN,5025,5035,garcon,revers,1,att/att,ALEXIS-LEBRUN,,offensif,d2,,topspin,60.89974594116211,88.92519989013672,2.0,ALEXIS-LEBRUN,FAN-ZHENDONG
ALEXIS-LEBRUN_vs_FAN-ZHENDONG,FAN-ZHENDONG,5036,5062,garcon,coup_droit,1,att/att,serveur_point_pour,,intermediaire,,out,bloc,,,,FAN-ZHENDONG,ALEXIS-LEBRUN
ALEXIS-LEBRUN_vs_FAN-ZHENDONG,ALEXIS-LEBRUN,5362,5394,garcon,coup_droit,1,att/att,ALEXIS-LEBRUN,lat_gauche,,g3,,,-50.8435492515564,103.68258641560872,2.0,ALEXIS-LEBRUN,FAN-ZHENDONG
ALEXIS-LEBRUN_vs_FAN-ZHENDONG,FAN-ZHENDONG,5395,5414,garcon,revers,1,att/att,serveur_point_pour,,intermediaire,,filet,topspin,,,,FAN-ZHENDONG,ALEXIS-LEBRUN
ALEXIS-LEBRUN_vs_FAN-ZHENDONG,FAN-ZHENDONG,5871,5908,garcon,coup_droit,1,att/att,FAN-ZHENDONG,lat_droit,,g3,,,55.03114471435547,-107.30773868560792,2.0,FAN-ZHENDONG,ALEXIS-LEBRUN
ALEXIS-LEBRUN_vs_FAN-ZHENDONG,ALEXIS-LEBRUN,5909,5915,garcon,revers,1,att/att,ALEXIS-LEBRUN,,offensif,m2,,topspin,-19.170800971984864,70.08026135762533,2.0,ALEXIS-LEBRUN,FAN-ZHENDONG
ALEXIS-LEBRUN_vs_FAN-ZHENDONG,FAN-ZHENDONG,5916,5934,garcon,revers,1,att/att,serveur_point_pour,,intermediaire,,out,bloc,,,,FAN-ZHENDONG,ALEXIS-LEBRUN
ALEXIS-LEBRUN_vs_FAN-ZHENDONG,FAN-ZHENDONG,6445,6491,garcon,coup_droit,1,att/att,FAN-ZHENDONG,lat_droit,,m2,,,-0.1996150970458984,-60.933549118042,2.0,FAN-ZHENDONG,ALEXIS-LEBRUN
ALEXIS-LEBRUN_vs_FAN-ZHENDONG,ALEXIS-LEBRUN,6492,6505,garcon,coup_droit,1,att/att,ALEXIS-LEBRUN,,defensif,m2,,poussette,3.5612533569335936,82.8357593536377,2.0,ALEXIS-LEBRUN,FAN-ZHENDONG
ALEXIS-LEBRUN_vs_FAN-ZHENDONG,FAN-ZHENDONG,6506,6517,garcon,coup_droit,1,att/att,FAN-ZHENDONG,,defensif,d2,,poussette,-33.44369354248047,-53.313852628072105,2.0,FAN-ZHENDONG,ALEXIS-LEBRUN
ALEXIS-LEBRUN_vs_FAN-ZHENDONG,ALEXIS-LEBRUN,6518,6533,garcon,coup_droit,1,att/att,ALEXIS-LEBRUN,,defensif,d1,,poussette,31.6846076965332,43.52184333801269,2.0,ALEXIS-LEBRUN,FAN-ZHENDONG
ALEXIS-LEBRUN_vs_FAN-ZHENDONG,FAN-ZHENDONG,6534,6556,garcon,coup_droit,1,att/att,serveur_point_pour,,defensif,,out,poussette,,,,FAN-ZHENDONG,ALEXIS-LEBRUN
ALEXIS-LEBRUN_vs_FAN-ZHENDONG,ALEXIS-LEBRUN,7127,7151,garcon,coup_droit,1,att/att,ALEXIS-LEBRUN,lat_droit,,g3,,,-31.96032600402832,98.91182174682618,2.0,ALEXIS-LEBRUN,FAN-ZHENDONG
ALEXIS-LEBRUN_vs_FAN-ZHENDONG,FAN-ZHENDONG,7152,7163,garcon,revers,1,att/att,FAN-ZHENDONG,,offensif,m3,,topspin,18.59186210632324,-123.7444196542104,2.0,FAN-ZHENDONG,ALEXIS-LEBRUN
ALEXIS-LEBRUN_vs_FAN-ZHENDONG,ALEXIS-LEBRUN,7164,7171,garcon,revers,1,att/att,ALEXIS-LEBRUN,,offensif,d3,,topspin,30.059572219848636,123.3819283803304,2.0,ALEXIS-LEBRUN,FAN-ZHENDONG
ALEXIS-LEBRUN_vs_FAN-ZHENDONG,FAN-ZHENDONG,7172,7182,garcon,coup_droit,1,att/att,FAN-ZHENDONG,,intermediaire,g2,,bloc,72.2197868347168,-87.76119585037232,2.0,FAN-ZHENDONG,ALEXIS-LEBRUN
ALEXIS-LEBRUN_vs_FAN-ZHENDONG,ALEXIS-LEBRUN,7183,7194,garcon,revers,1,att/att,ALEXIS-LEBRUN,,intermediaire,d2,,bloc,31.823804092407222,60.004655838012695,2.0,ALEXIS-LEBRUN,FAN-ZHENDONG
ALEXIS-LEBRUN_vs_FAN-ZHENDONG,FAN-ZHENDONG,7195,7209,garcon,coup_droit,1,att/att,FAN-ZHENDONG,,offensif,m3,,topspin,14.096170043945312,-93.49509369532268,2.0,FAN-ZHENDONG,ALEXIS-LEBRUN
ALEXIS-LEBRUN_vs_FAN-ZHENDONG,ALEXIS-LEBRUN,7210,7226,garcon,revers,1,att/att,ALEXIS-LEBRUN,,intermediaire,g3,,bloc,-53.60870685577392,103.9492935180664,2.0,ALEXIS-LEBRUN,FAN-ZHENDONG
ALEXIS-LEBRUN_vs_FAN-ZHENDONG,FAN-ZHENDONG,7227,7255,garcon,revers,1,att/att,serveur_point_pour,,offensif,,out,topspin,,,,FAN-ZHENDONG,ALEXIS-LEBRUN
ALEXIS-LEBRUN_vs_FAN-ZHENDONG,ALEXIS-LEBRUN,7574,7591,garcon,coup_droit,1,att/att,ALEXIS-LEBRUN,lat_droit,,m2,,,-4.028048706054688,63.40406519571941,2.0,ALEXIS-LEBRUN,FAN-ZHENDONG
ALEXIS-LEBRUN_vs_FAN-ZHENDONG,FAN-ZHENDONG,7592,7607,garcon,coup_droit,1,att/att,FAN-ZHENDONG,,defensif,d2,,poussette,-38.92701320648193,-67.11999543507893,2.0,FAN-ZHENDONG,ALEXIS-LEBRUN
ALEXIS-LEBRUN_vs_FAN-ZHENDONG,ALEXIS-LEBRUN,7608,7617,garcon,coup_droit,1,att/att,ALEXIS-LEBRUN,,offensif,m2,,topspin,15.709050750732422,90.27028516133626,2.0,ALEXIS-LEBRUN,FAN-ZHENDONG
ALEXIS-LEBRUN_vs_FAN-ZHENDONG,FAN-ZHENDONG,7618,7633,garcon,coup_droit,1,att/att,FAN-ZHENDONG,,intermediaire,g2,,bloc,55.31911926269531,-71.07507362365723,2.0,FAN-ZHENDONG,ALEXIS-LEBRUN
ALEXIS-LEBRUN_vs_FAN-ZHENDONG,ALEXIS-LEBRUN,7634,7645,garcon,revers,1,att/att,ALEXIS-LEBRUN,,intermediaire,m3,,bloc,-8.770713806152344,92.43596076965332,2.0,ALEXIS-LEBRUN,FAN-ZHENDONG
ALEXIS-LEBRUN_vs_FAN-ZHENDONG,FAN-ZHENDONG,7646,7673,garcon,coup_droit,1,att/att,FAN-ZHENDONG,,intermediaire,m2,,bloc,-17.93242778778076,-71.14325726826986,2.0,FAN-ZHENDONG,ALEXIS-LEBRUN
ALEXIS-LEBRUN_vs_FAN-ZHENDONG,ALEXIS-LEBRUN,7674,7693,garcon,coup_droit,1,att/att,serveur_point_contre,,intermediaire,m2,pt_gagne,topspin,-8.983969497680665,69.43955459594727,2.0,ALEXIS-LEBRUN,FAN-ZHENDONG
ALEXIS-LEBRUN_vs_FAN-ZHENDONG,FAN-ZHENDONG,7858,7899,garcon,coup_droit,2,att/att,FAN-ZHENDONG,lat_gauche,,m2,,,10.745584869384766,71.01303939819336,2.0,FAN-ZHENDONG,ALEXIS-LEBRUN
ALEXIS-LEBRUN_vs_FAN-ZHENDONG,ALEXIS-LEBRUN,7900,7912,garcon,coup_droit,2,att/att,ALEXIS-LEBRUN,,defensif,m3,,poussette,18.604031372070317,-122.34236624240876,2.0,ALEXIS-LEBRUN,FAN-ZHENDONG
ALEXIS-LEBRUN_vs_FAN-ZHENDONG,FAN-ZHENDONG,7913,7923,garcon,revers,2,att/att,FAN-ZHENDONG,,offensif,m3,,topspin,1.5313850402832032,129.88548787434897,2.0,FAN-ZHENDONG,ALEXIS-LEBRUN
ALEXIS-LEBRUN_vs_FAN-ZHENDONG,ALEXIS-LEBRUN,7924,7934,garcon,coup_droit,2,att/att,ALEXIS-LEBRUN,,offensif,d2,,topspin,-41.68626194000244,-73.3377114613851,2.0,ALEXIS-LEBRUN,FAN-ZHENDONG
ALEXIS-LEBRUN_vs_FAN-ZHENDONG,FAN-ZHENDONG,7935,7959,garcon,coup_droit,2,att/att,serveur_point_pour,,intermediaire,,out,bloc,,,,FAN-ZHENDONG,ALEXIS-LEBRUN
ALEXIS-LEBRUN_vs_FAN-ZHENDONG,FAN-ZHENDONG,8313,8337,garcon,coup_droit,2,att/att,FAN-ZHENDONG,lat_gauche,,g2,,,-43.06039600372314,61.12897173563639,2.0,FAN-ZHENDONG,ALEXIS-LEBRUN
ALEXIS-LEBRUN_vs_FAN-ZHENDONG,ALEXIS-LEBRUN,8338,8345,garcon,revers,2,att/att,ALEXIS-LEBRUN,,intermediaire,d3,,flip,-58.48941049575806,-100.77284197807312,2.0,ALEXIS-LEBRUN,FAN-ZHENDONG
ALEXIS-LEBRUN_vs_FAN-ZHENDONG,FAN-ZHENDONG,8346,8370,garcon,coup_droit,2,att/att,serveur_point_pour,,intermediaire,,filet,bloc,,,,FAN-ZHENDONG,ALEXIS-LEBRUN
ALEXIS-LEBRUN_vs_FAN-ZHENDONG,ALEXIS-LEBRUN,8694,8712,garcon,coup_droit,2,att/att,ALEXIS-LEBRUN,lat_droit,,d1,,,-36.00955314636231,-43.09958031972249,2.0,ALEXIS-LEBRUN,FAN-ZHENDONG
ALEXIS-LEBRUN_vs_FAN-ZHENDONG,FAN-ZHENDONG,8713,8725,garcon,coup_droit,2,att/att,FAN-ZHENDONG,,defensif,m2,,poussette,8.178985977172852,54.24456634521484,2.0,FAN-ZHENDONG,ALEXIS-LEBRUN
ALEXIS-LEBRUN_vs_FAN-ZHENDONG,ALEXIS-LEBRUN,8726,8737,garcon,coup_droit,2,att/att,ALEXIS-LEBRUN,,defensif,d2,,poussette,-46.99880237579346,-60.2967009862264,2.0,ALEXIS-LEBRUN,FAN-ZHENDONG
ALEXIS-LEBRUN_vs_FAN-ZHENDONG,FAN-ZHENDONG,8738,8750,garcon,coup_droit,2,att/att,FAN-ZHENDONG,,offensif,d3,,topspin,50.24610824584961,114.07686424255373,2.0,FAN-ZHENDONG,ALEXIS-LEBRUN
ALEXIS-LEBRUN_vs_FAN-ZHENDONG,ALEXIS-LEBRUN,8751,8759,garcon,coup_droit,2,att/att,ALEXIS-LEBRUN,,offensif,m2,,topspin,-23.07794704437256,-68.6879405339559,2.0,ALEXIS-LEBRUN,FAN-ZHENDONG
ALEXIS-LEBRUN_vs_FAN-ZHENDONG,FAN-ZHENDONG,8760,8767,garcon,coup_droit,2,att/att,FAN-ZHENDONG,,offensif,d3,,topspin,58.84693069458008,101.07882130940756,2.0,FAN-ZHENDONG,ALEXIS-LEBRUN
ALEXIS-LEBRUN_vs_FAN-ZHENDONG,ALEXIS-LEBRUN,8768,8782,garcon,coup_droit,2,att/att,ALEXIS-LEBRUN,,intermediaire,g3,,bloc,41.67369766235352,-120.13115248680114,2.0,ALEXIS-LEBRUN,FAN-ZHENDONG
ALEXIS-LEBRUN_vs_FAN-ZHENDONG,FAN-ZHENDONG,8783,8794,garcon,revers,2,att/att,FAN-ZHENDONG,,offensif,m2,,topspin,-16.739285278320313,55.413426335652666,2.0,FAN-ZHENDONG,ALEXIS-LEBRUN
ALEXIS-LEBRUN_vs_FAN-ZHENDONG,ALEXIS-LEBRUN,8795,8807,garcon,revers,2,att/att,ALEXIS-LEBRUN,,offensif,d2,,topspin,-36.21350250244141,-63.91425793965657,2.0,ALEXIS-LEBRUN,FAN-ZHENDONG
ALEXIS-LEBRUN_vs_FAN-ZHENDONG,FAN-ZHENDONG,8808,8840,garcon,coup_droit,2,att/att,serveur_point_pour,,offensif,,filet,topspin,,,,FAN-ZHENDONG,ALEXIS-LEBRUN
ALEXIS-LEBRUN_vs_FAN-ZHENDONG,ALEXIS-LEBRUN,9147,9200,garcon,coup_droit,2,att/att,ALEXIS-LEBRUN,lat_droit,,g2,,,26.23998107910156,-53.20124683380127,2.0,ALEXIS-LEBRUN,FAN-ZHENDONG
ALEXIS-LEBRUN_vs_FAN-ZHENDONG,FAN-ZHENDONG,9201,9213,garcon,revers,2,att/att,FAN-ZHENDONG,,offensif,g3,,flip,-29.22055606842041,108.94762153625489,2.0,FAN-ZHENDONG,ALEXIS-LEBRUN
ALEXIS-LEBRUN_vs_FAN-ZHENDONG,ALEXIS-LEBRUN,9214,9220,garcon,revers,2,att/att,ALEXIS-LEBRUN,,offensif,m3,,topspin,-13.345147323608398,-127.2924657424291,2.0,ALEXIS-LEBRUN,FAN-ZHENDONG
ALEXIS-LEBRUN_vs_FAN-ZHENDONG,FAN-ZHENDONG,9221,9251,garcon,coup_droit,2,att/att,serveur_point_pour,,intermediaire,,out,bloc,,,,FAN-ZHENDONG,ALEXIS-LEBRUN
ALEXIS-LEBRUN_vs_FAN-ZHENDONG,FAN-ZHENDONG,9685,9724,garcon,coup_droit,2,att/att,FAN-ZHENDONG,lat_droit,,m2,,,0.9773754119873048,68.8130106608073,2.0,FAN-ZHENDONG,ALEXIS-LEBRUN
ALEXIS-LEBRUN_vs_FAN-ZHENDONG,ALEXIS-LEBRUN,9725,9736,garcon,coup_droit,2,att/att,ALEXIS-LEBRUN,,defensif,m2,,poussette,7.207285690307617,-54.654486974080406,2.0,ALEXIS-LEBRUN,FAN-ZHENDONG
ALEXIS-LEBRUN_vs_FAN-ZHENDONG,FAN-ZHENDONG,9737,9751,garcon,revers,2,att/att,FAN-ZHENDONG,,defensif,m3,,poussette,-21.420256042480467,105.2176939646403,2.0,FAN-ZHENDONG,ALEXIS-LEBRUN
ALEXIS-LEBRUN_vs_FAN-ZHENDONG,ALEXIS-LEBRUN,9752,9762,garcon,revers,2,att/att,ALEXIS-LEBRUN,,offensif,g3,,topspin,34.88990097045898,-119.81908797423044,2.0,ALEXIS-LEBRUN,FAN-ZHENDONG
ALEXIS-LEBRUN_vs_FAN-ZHENDONG,FAN-ZHENDONG,9763,9770,garcon,revers,2,att/att,serveur_point_contre,,offensif,g2,pt_gagne,topspin,-26.94941520690918,72.03699607849121,2.0,FAN-ZHENDONG,ALEXIS-LEBRUN
ALEXIS-LEBRUN_vs_FAN-ZHENDONG,FAN-ZHENDONG,10242,10266,garcon,coup_droit,2,att/att,FAN-ZHENDONG,lat_droit,,d2,,,43.09284858703613,52.60681749979655,2.0,FAN-ZHENDONG,ALEXIS-LEBRUN
ALEXIS-LEBRUN_vs_FAN-ZHENDONG,ALEXIS-LEBRUN,10267,10278,garcon,coup_droit,2,att/att,ALEXIS-LEBRUN,,intermediaire,g3,,flip,41.797006607055664,-105.12181180318196,2.0,ALEXIS-LEBRUN,FAN-ZHENDONG
ALEXIS-LEBRUN_vs_FAN-ZHENDONG,FAN-ZHENDONG,10279,10301,garcon,revers,2,att/att,serveur_point_pour,,offensif,,out,topspin,,,,FAN-ZHENDONG,ALEXIS-LEBRUN
ALEXIS-LEBRUN_vs_FAN-ZHENDONG,ALEXIS-LEBRUN,10737,10754,garcon,coup_droit,2,att/att,ALEXIS-LEBRUN,lat_droit,,m3,,,16.423007583618165,-100.22739241917928,2.0,ALEXIS-LEBRUN,FAN-ZHENDONG
ALEXIS-LEBRUN_vs_FAN-ZHENDONG,FAN-ZHENDONG,10755,10763,garcon,revers,2,att/att,FAN-ZHENDONG,,offensif,m3,,topspin,6.1421161651611325,98.18592898050944,2.0,FAN-ZHENDONG,ALEXIS-LEBRUN
ALEXIS-LEBRUN_vs_FAN-ZHENDONG,ALEXIS-LEBRUN,10764,10775,garcon,coup_droit,2,att/att,ALEXIS-LEBRUN,,offensif,g2,,topspin,55.18050994873047,-88.51381158828735,2.0,ALEXIS-LEBRUN,FAN-ZHENDONG
ALEXIS-LEBRUN_vs_FAN-ZHENDONG,FAN-ZHENDONG,10776,10784,garcon,revers,2,att/att,FAN-ZHENDONG,,intermediaire,d2,,bloc,36.36698455810547,57.02217013041179,2.0,FAN-ZHENDONG,ALEXIS-LEBRUN
ALEXIS-LEBRUN_vs_FAN-ZHENDONG,ALEXIS-LEBRUN,10785,10795,garcon,coup_droit,2,att/att,ALEXIS-LEBRUN,,offensif,d2,,topspin,-47.25513610839844,-85.88666388193766,2.0,ALEXIS-LEBRUN,FAN-ZHENDONG
ALEXIS-LEBRUN_vs_FAN-ZHENDONG,FAN-ZHENDONG,10801,10822,garcon,coup_droit,2,att/att,serveur_point_pour,,intermediaire,,filet,bloc,,,,FAN-ZHENDONG,ALEXIS-LEBRUN
ALEXIS-LEBRUN_vs_FAN-ZHENDONG,ALEXIS-LEBRUN,11136,11193,garcon,coup_droit,2,att/att,ALEXIS-LEBRUN,lat_droit,,d3,,,-31.163938522338867,-91.5876675605774,2.0,ALEXIS-LEBRUN,FAN-ZHENDONG
ALEXIS-LEBRUN_vs_FAN-ZHENDONG,FAN-ZHENDONG,11194,11206,garcon,coup_droit,2,att/att,FAN-ZHENDONG,,offensif,d3,,topspin,65.53002471923828,135.95987714131672,2.0,FAN-ZHENDONG,ALEXIS-LEBRUN
ALEXIS-LEBRUN_vs_FAN-ZHENDONG,ALEXIS-LEBRUN,11207,11228,garcon,coup_droit,2,att/att,ALEXIS-LEBRUN,,intermediaire,m3,,bloc,-21.05317039489746,-128.48672148386638,2.0,ALEXIS-LEBRUN,FAN-ZHENDONG
ALEXIS-LEBRUN_vs_FAN-ZHENDONG,FAN-ZHENDONG,11229,11239,garcon,coup_droit,2,att/att,FAN-ZHENDONG,,offensif,g3,,topspin,-70.57903060913085,102.5134651184082,2.0,FAN-ZHENDONG,ALEXIS-LEBRUN
ALEXIS-LEBRUN_vs_FAN-ZHENDONG,ALEXIS-LEBRUN,11240,11282,garcon,revers,2,att/att,serveur_point_pour,,intermediaire,,out,bloc,,,,ALEXIS-LEBRUN,FAN-ZHENDONG
ALEXIS-LEBRUN_vs_FAN-ZHENDONG,FAN-ZHENDONG,12271,12300,garcon,coup_droit,2,att/att,FAN-ZHENDONG,lat_droit,,m2,,,-19.060541915893555,81.71112988789876,2.0,FAN-ZHENDONG,ALEXIS-LEBRUN
ALEXIS-LEBRUN_vs_FAN-ZHENDONG,ALEXIS-LEBRUN,12301,12323,garcon,revers,2,att/att,serveur_point_pour,,offensif,,out,topspin,,,,ALEXIS-LEBRUN,FAN-ZHENDONG
ALEXIS-LEBRUN_vs_FAN-ZHENDONG,FAN-ZHENDONG,12711,12761,garcon,coup_droit,2,att/att,FAN-ZHENDONG,lat_droit,,g2,,,-34.86189498901367,74.02738711039225,2.0,FAN-ZHENDONG,ALEXIS-LEBRUN
ALEXIS-LEBRUN_vs_FAN-ZHENDONG,ALEXIS-LEBRUN,12762,12774,garcon,revers,2,att/att,ALEXIS-LEBRUN,,defensif,m3,,poussette,23.547362518310543,-95.13197587331136,2.0,ALEXIS-LEBRUN,FAN-ZHENDONG
ALEXIS-LEBRUN_vs_FAN-ZHENDONG,FAN-ZHENDONG,12775,12785,garcon,revers,2,att/att,FAN-ZHENDONG,,offensif,m3,,topspin,-16.288308525085448,103.2485907236735,2.0,FAN-ZHENDONG,ALEXIS-LEBRUN
ALEXIS-LEBRUN_vs_FAN-ZHENDONG,ALEXIS-LEBRUN,12786,12798,garcon,coup_droit,2,att/att,ALEXIS-LEBRUN,,intermediaire,d3,,topspin,-28.8652156829834,-126.74456207752227,2.0,ALEXIS-LEBRUN,FAN-ZHENDONG
ALEXIS-LEBRUN_vs_FAN-ZHENDONG,FAN-ZHENDONG,12799,12807,garcon,coup_droit,2,att/att,FAN-ZHENDONG,,offensif,g2,,topspin,-34.934370613098146,66.63073336283365,2.0,FAN-ZHENDONG,ALEXIS-LEBRUN
ALEXIS-LEBRUN_vs_FAN-ZHENDONG,ALEXIS-LEBRUN,12808,12832,garcon,revers,2,att/att,serveur_point_pour,,intermediaire,,filet,bloc,,,,ALEXIS-LEBRUN,FAN-ZHENDONG
ALEXIS-LEBRUN_vs_FAN-ZHENDONG,ALEXIS-LEBRUN,13135,13171,garcon,coup_droit,2,att/att,ALEXIS-LEBRUN,lat_droit,,m2,,,-17.877437782287597,-65.31033722559611,2.0,ALEXIS-LEBRUN,FAN-ZHENDONG
ALEXIS-LEBRUN_vs_FAN-ZHENDONG,FAN-ZHENDONG,13172,13185,garcon,revers,2,att/att,FAN-ZHENDONG,,intermediaire,g3,,flip,-37.11113986968994,117.18444620768229,2.0,FAN-ZHENDONG,ALEXIS-LEBRUN
ALEXIS-LEBRUN_vs_FAN-ZHENDONG,ALEXIS-LEBRUN,13186,13203,garcon,revers,2,att/att,serveur_point_pour,,offensif,,out,topspin,,,,ALEXIS-LEBRUN,FAN-ZHENDONG
ALEXIS-LEBRUN_vs_FAN-ZHENDONG,ALEXIS-LEBRUN,13508,13523,garcon,coup_droit,2,att/att,ALEXIS-LEBRUN,lat_droit,,g3,,,39.53363914489746,-106.80233874320984,2.0,ALEXIS-LEBRUN,FAN-ZHENDONG
ALEXIS-LEBRUN_vs_FAN-ZHENDONG,FAN-ZHENDONG,13524,13532,garcon,revers,2,att/att,FAN-ZHENDONG,,offensif,m2,,topspin,-8.824007797241212,86.68886693318684,2.0,FAN-ZHENDONG,ALEXIS-LEBRUN
ALEXIS-LEBRUN_vs_FAN-ZHENDONG,ALEXIS-LEBRUN,13533,13554,garcon,revers,2,att/att,serveur_point_pour,,offensif,,out,topspin,,,,ALEXIS-LEBRUN,FAN-ZHENDONG
ALEXIS-LEBRUN_vs_FAN-ZHENDONG,FAN-ZHENDONG,13996,14016,garcon,coup_droit,2,att/att,FAN-ZHENDONG,lat_droit,,m2,,,-9.130696487426755,53.61706428527832,2.0,FAN-ZHENDONG,ALEXIS-LEBRUN
ALEXIS-LEBRUN_vs_FAN-ZHENDONG,ALEXIS-LEBRUN,14017,14030,garcon,coup_droit,2,att/att,ALEXIS-LEBRUN,,defensif,m2,,poussette,-10.455479431152344,-89.24292278289795,2.0,ALEXIS-LEBRUN,FAN-ZHENDONG
ALEXIS-LEBRUN_vs_FAN-ZHENDONG,FAN-ZHENDONG,14031,14043,garcon,coup_droit,2,att/att,FAN-ZHENDONG,,offensif,g3,,topspin,-56.219860553741455,120.84578946431478,2.0,FAN-ZHENDONG,ALEXIS-LEBRUN
ALEXIS-LEBRUN_vs_FAN-ZHENDONG,ALEXIS-LEBRUN,14044,14057,garcon,revers,2,att/att,ALEXIS-LEBRUN,,intermediaire,m1,,bloc,-15.108661651611328,-43.29039522806804,2.0,ALEXIS-LEBRUN,FAN-ZHENDONG
ALEXIS-LEBRUN_vs_FAN-ZHENDONG,FAN-ZHENDONG,14058,14067,garcon,coup_droit,2,att/att,serveur_point_contre,,offensif,d2,pt_gagne,topspin,56.53042144775391,81.32483139038087,2.0,FAN-ZHENDONG,ALEXIS-LEBRUN
ALEXIS-LEBRUN_vs_FAN-ZHENDONG,FAN-ZHENDONG,14537,14562,garcon,coup_droit,2,att/att,FAN-ZHENDONG,lat_droit,,m2,,,-6.565380477905274,59.24198849995931,2.0,FAN-ZHENDONG,ALEXIS-LEBRUN
ALEXIS-LEBRUN_vs_FAN-ZHENDONG,ALEXIS-LEBRUN,14563,14578,garcon,revers,2,att/att,ALEXIS-LEBRUN,,defensif,g2,,poussette,46.3978515625,-88.22398319244385,2.0,ALEXIS-LEBRUN,FAN-ZHENDONG
ALEXIS-LEBRUN_vs_FAN-ZHENDONG,FAN-ZHENDONG,14579,14593,garcon,revers,2,att/att,FAN-ZHENDONG,,intermediaire,m3,,topspin,8.568982315063476,97.95185038248698,2.0,FAN-ZHENDONG,ALEXIS-LEBRUN
ALEXIS-LEBRUN_vs_FAN-ZHENDONG,ALEXIS-LEBRUN,14594,14620,garcon,coup_droit,2,att/att,serveur_point_pour,,offensif,,filet,topspin,,,,ALEXIS-LEBRUN,FAN-ZHENDONG
ALEXIS-LEBRUN_vs_FAN-ZHENDONG,ALEXIS-LEBRUN,14945,14962,garcon,revers,2,att/att,ALEXIS-LEBRUN,lat_gauche,,m2,,,-15.27216033935547,-60.72844072977702,2.0,ALEXIS-LEBRUN,FAN-ZHENDONG
ALEXIS-LEBRUN_vs_FAN-ZHENDONG,FAN-ZHENDONG,14963,14974,garcon,revers,2,att/att,FAN-ZHENDONG,,intermediaire,m3,,flip,-18.867714500427248,102.05199737548828,2.0,FAN-ZHENDONG,ALEXIS-LEBRUN
ALEXIS-LEBRUN_vs_FAN-ZHENDONG,ALEXIS-LEBRUN,14975,14984,garcon,revers,2,att/att,ALEXIS-LEBRUN,,offensif,g3,,topspin,43.81476364135742,-132.0349341551463,2.0,ALEXIS-LEBRUN,FAN-ZHENDONG
ALEXIS-LEBRUN_vs_FAN-ZHENDONG,FAN-ZHENDONG,14985,14992,garcon,revers,2,att/att,FAN-ZHENDONG,,offensif,g2,,topspin,-26.87875156402588,79.36865412394205,2.0,FAN-ZHENDONG,ALEXIS-LEBRUN
ALEXIS-LEBRUN_vs_FAN-ZHENDONG,ALEXIS-LEBRUN,14993,15000,garcon,revers,2,att/att,ALEXIS-LEBRUN,,offensif,g2,,topspin,25.931871795654292,-89.28508898417155,2.0,ALEXIS-LEBRUN,FAN-ZHENDONG
ALEXIS-LEBRUN_vs_FAN-ZHENDONG,FAN-ZHENDONG,15001,15012,garcon,revers,2,att/att,FAN-ZHENDONG,,intermediaire,m3,,topspin,-8.757392120361327,93.87252082824708,2.0,FAN-ZHENDONG,ALEXIS-LEBRUN
ALEXIS-LEBRUN_vs_FAN-ZHENDONG,ALEXIS-LEBRUN,15013,15022,garcon,coup_droit,2,att/att,ALEXIS-LEBRUN,,offensif,g2,,topspin,33.02890205383301,-69.18625253041586,2.0,ALEXIS-LEBRUN,FAN-ZHENDONG
ALEXIS-LEBRUN_vs_FAN-ZHENDONG,FAN-ZHENDONG,15023,15044,garcon,revers,2,att/att,serveur_point_pour,,intermediaire,,filet,bloc,,,,FAN-ZHENDONG,ALEXIS-LEBRUN
ALEXIS-LEBRUN_vs_FAN-ZHENDONG,ALEXIS-LEBRUN,15314,15362,garcon,coup_droit,2,att/att,ALEXIS-LEBRUN,lat_droit,,d2,,,-28.23911457061768,-61.78087984720866,2.0,ALEXIS-LEBRUN,FAN-ZHENDONG
ALEXIS-LEBRUN_vs_FAN-ZHENDONG,FAN-ZHENDONG,15363,15380,garcon,revers,2,att/att,FAN-ZHENDONG,,defensif,d2,,poussette,69.16741027832032,60.58238766988119,2.0,FAN-ZHENDONG,ALEXIS-LEBRUN
ALEXIS-LEBRUN_vs_FAN-ZHENDONG,ALEXIS-LEBRUN,15381,15418,garcon,coup_droit,2,att/att,serveur_point_pour,,offensif,,filet,flip,,,,ALEXIS-LEBRUN,FAN-ZHENDONG
ALEXIS-LEBRUN_vs_FAN-ZHENDONG,FAN-ZHENDONG,15904,15926,garcon,coup_droit,2,att/att,FAN-ZHENDONG,lat_droit,,m2,,,-8.983969497680665,69.43955459594727,2.0,FAN-ZHENDONG,ALEXIS-LEBRUN
ALEXIS-LEBRUN_vs_FAN-ZHENDONG,ALEXIS-LEBRUN,15927,15940,garcon,revers,2,att/att,ALEXIS-LEBRUN,,offensif,m3,,flip,23.511485290527343,-99.31110283533732,2.0,ALEXIS-LEBRUN,FAN-ZHENDONG
ALEXIS-LEBRUN_vs_FAN-ZHENDONG,FAN-ZHENDONG,15941,15953,garcon,revers,2,att/att,serveur_point_pour,,intermediaire,,out,topspin,,,,FAN-ZHENDONG,ALEXIS-LEBRUN
ALEXIS-LEBRUN_vs_FAN-ZHENDONG,FAN-ZHENDONG,16478,16515,garcon,coup_droit,2,att/att,FAN-ZHENDONG,lat_droit,,m2,,,15.451300048828124,60.90355110168457,2.0,FAN-ZHENDONG,ALEXIS-LEBRUN
ALEXIS-LEBRUN_vs_FAN-ZHENDONG,ALEXIS-LEBRUN,16516,16528,garcon,coup_droit,2,att/att,ALEXIS-LEBRUN,,defensif,m2,,poussette,4.5905311584472654,-74.74695625305176,2.0,ALEXIS-LEBRUN,FAN-ZHENDONG
ALEXIS-LEBRUN_vs_FAN-ZHENDONG,FAN-ZHENDONG,16529,16542,garcon,revers,2,att/att,FAN-ZHENDONG,,defensif,g3,,poussette,-29.234787368774413,107.4790252685547,2.0,FAN-ZHENDONG,ALEXIS-LEBRUN
ALEXIS-LEBRUN_vs_FAN-ZHENDONG,ALEXIS-LEBRUN,16543,16566,garcon,revers,2,att/att,serveur_point_pour,,offensif,,out,topspin,,,,ALEXIS-LEBRUN,FAN-ZHENDONG
ALEXIS-LEBRUN_vs_FAN-ZHENDONG,ALEXIS-LEBRUN,16994,17023,garcon,coup_droit,2,att/att,ALEXIS-LEBRUN,lat_droit,,d2,,,-66.58692345619201,-63.35849329630534,2.0,ALEXIS-LEBRUN,FAN-ZHENDONG
ALEXIS-LEBRUN_vs_FAN-ZHENDONG,FAN-ZHENDONG,17024,17037,garcon,coup_droit,2,att/att,FAN-ZHENDONG,,defensif,g3,,poussette,-53.43985557556152,120.52878952026369,2.0,FAN-ZHENDONG,ALEXIS-LEBRUN
ALEXIS-LEBRUN_vs_FAN-ZHENDONG,ALEXIS-LEBRUN,17038,17052,garcon,revers,2,att/att,ALEXIS-LEBRUN,,defensif,d2,,poussette,-36.3155424118042,-74.3281686147054,2.0,ALEXIS-LEBRUN,FAN-ZHENDONG
ALEXIS-LEBRUN_vs_FAN-ZHENDONG,FAN-ZHENDONG,17053,17065,garcon,coup_droit,2,att/att,FAN-ZHENDONG,,offensif,d3,,topspin,45.95110397338867,129.43703320821126,2.0,FAN-ZHENDONG,ALEXIS-LEBRUN
ALEXIS-LEBRUN_vs_FAN-ZHENDONG,ALEXIS-LEBRUN,17066,17090,garcon,coup_droit,2,att/att,serveur_point_pour,,intermediaire,,filet,topspin,,,,ALEXIS-LEBRUN,FAN-ZHENDONG
ALEXIS-LEBRUN_vs_FAN-ZHENDONG,ALEXIS-LEBRUN,17193,17237,garcon,coup_droit,3,att/att,ALEXIS-LEBRUN,lat_droit,,d2,,,40.80648345947266,47.27544530232748,2.0,ALEXIS-LEBRUN,FAN-ZHENDONG
ALEXIS-LEBRUN_vs_FAN-ZHENDONG,FAN-ZHENDONG,17238,17263,garcon,coup_droit,3,att/att,serveur_point_pour,,defensif,,out,poussette,,,,FAN-ZHENDONG,ALEXIS-LEBRUN
ALEXIS-LEBRUN_vs_FAN-ZHENDONG,ALEXIS-LEBRUN,17486,17509,garcon,coup_droit,3,att/att,ALEXIS-LEBRUN,lat_gauche,,m1,,,20.011194229125977,39.75921758015951,2.0,ALEXIS-LEBRUN,FAN-ZHENDONG
ALEXIS-LEBRUN_vs_FAN-ZHENDONG,FAN-ZHENDONG,17510,17536,garcon,revers,3,att/att,serveur_point_pour,,intermediaire,,filet,flip,,,,FAN-ZHENDONG,ALEXIS-LEBRUN
ALEXIS-LEBRUN_vs_FAN-ZHENDONG,FAN-ZHENDONG,17849,17874,garcon,coup_droit,3,att/att,FAN-ZHENDONG,lat_droit,,g3,,,37.30367736816406,-103.00652049382528,2.0,FAN-ZHENDONG,ALEXIS-LEBRUN
ALEXIS-LEBRUN_vs_FAN-ZHENDONG,ALEXIS-LEBRUN,17875,17883,garcon,revers,3,att/att,ALEXIS-LEBRUN,,offensif,g3,,topspin,-26.398815727233888,129.16626714070637,2.0,ALEXIS-LEBRUN,FAN-ZHENDONG
ALEXIS-LEBRUN_vs_FAN-ZHENDONG,FAN-ZHENDONG,17884,17904,garcon,revers,3,att/att,serveur_point_pour,,intermediaire,,out,topspin,,,,FAN-ZHENDONG,ALEXIS-LEBRUN
ALEXIS-LEBRUN_vs_FAN-ZHENDONG,FAN-ZHENDONG,18256,18280,garcon,coup_droit,3,att/att,FAN-ZHENDONG,lat_droit,,d2,,,-58.23969774246216,-76.38873357772827,2.0,FAN-ZHENDONG,ALEXIS-LEBRUN
ALEXIS-LEBRUN_vs_FAN-ZHENDONG,ALEXIS-LEBRUN,18281,18293,garcon,coup_droit,3,att/att,ALEXIS-LEBRUN,,defensif,m2,,poussette,-6.446340560913086,72.14930572509766,2.0,ALEXIS-LEBRUN,FAN-ZHENDONG
ALEXIS-LEBRUN_vs_FAN-ZHENDONG,FAN-ZHENDONG,18294,18307,garcon,coup_droit,3,att/att,FAN-ZHENDONG,,defensif,d2,,poussette,-36.169786643981936,-59.452497227986655,2.0,FAN-ZHENDONG,ALEXIS-LEBRUN
ALEXIS-LEBRUN_vs_FAN-ZHENDONG,ALEXIS-LEBRUN,18308,18333,garcon,coup_droit,3,att/att,serveur_point_pour,,intermediaire,,filet,flip,,,,ALEXIS-LEBRUN,FAN-ZHENDONG
ALEXIS-LEBRUN_vs_FAN-ZHENDONG,ALEXIS-LEBRUN,18587,18655,garcon,coup_droit,3,att/att,serveur_point_pour,lat_gauche,,,out,,,,,ALEXIS-LEBRUN,FAN-ZHENDONG
ALEXIS-LEBRUN_vs_FAN-ZHENDONG,ALEXIS-LEBRUN,18915,18933,garcon,coup_droit,3,att/att,ALEXIS-LEBRUN,lat_droit,,g1,,,-57.02586240768433,42.14083709716797,2.0,ALEXIS-LEBRUN,FAN-ZHENDONG
ALEXIS-LEBRUN_vs_FAN-ZHENDONG,FAN-ZHENDONG,18934,18951,garcon,revers,3,att/att,FAN-ZHENDONG,,intermediaire,g2,,topspin,44.15943145751953,-89.85006904602051,2.0,FAN-ZHENDONG,ALEXIS-LEBRUN
ALEXIS-LEBRUN_vs_FAN-ZHENDONG,ALEXIS-LEBRUN,18952,18960,garcon,revers,3,att/att,ALEXIS-LEBRUN,,offensif,d3,,topspin,27.491465759277343,93.36727549235026,2.0,ALEXIS-LEBRUN,FAN-ZHENDONG
ALEXIS-LEBRUN_vs_FAN-ZHENDONG,FAN-ZHENDONG,18961,18983,garcon,coup_droit,3,att/att,serveur_point_pour,,intermediaire,,out,bloc,,,,FAN-ZHENDONG,ALEXIS-LEBRUN
ALEXIS-LEBRUN_vs_FAN-ZHENDONG,FAN-ZHENDONG,19788,19812,garcon,coup_droit,3,att/att,FAN-ZHENDONG,lat_droit,,m2,,,-5.21177978515625,-65.65804942448933,2.0,FAN-ZHENDONG,ALEXIS-LEBRUN
ALEXIS-LEBRUN_vs_FAN-ZHENDONG,ALEXIS-LEBRUN,19813,19832,garcon,revers,3,att/att,ALEXIS-LEBRUN,,defensif,g3,,poussette,-28.964523124694825,135.36744244893393,2.0,ALEXIS-LEBRUN,FAN-ZHENDONG
ALEXIS-LEBRUN_vs_FAN-ZHENDONG,FAN-ZHENDONG,19833,19857,garcon,revers,3,att/att,serveur_point_pour,,intermediaire,,out,topspin,,,,FAN-ZHENDONG,ALEXIS-LEBRUN
ALEXIS-LEBRUN_vs_FAN-ZHENDONG,FAN-ZHENDONG,20287,20316,garcon,coup_droit,3,att/att,FAN-ZHENDONG,lat_droit,,m2,,,-10.281079864501953,-70.43640505472818,2.0,FAN-ZHENDONG,ALEXIS-LEBRUN
ALEXIS-LEBRUN_vs_FAN-ZHENDONG,ALEXIS-LEBRUN,20317,20329,garcon,revers,3,att/att,ALEXIS-LEBRUN,,intermediaire,m2,,flip,-13.899635314941406,85.65928344726562,2.0,ALEXIS-LEBRUN,FAN-ZHENDONG
ALEXIS-LEBRUN_vs_FAN-ZHENDONG,FAN-ZHENDONG,20330,20342,garcon,revers,3,att/att,FAN-ZHENDONG,,intermediaire,g2,,topspin,50.90421981811524,-76.90654341379802,2.0,FAN-ZHENDONG,ALEXIS-LEBRUN
ALEXIS-LEBRUN_vs_FAN-ZHENDONG,ALEXIS-LEBRUN,20343,20362,garcon,revers,3,att/att,serveur_point_pour,,offensif,,filet,topspin,,,,ALEXIS-LEBRUN,FAN-ZHENDONG
ALEXIS-LEBRUN_vs_FAN-ZHENDONG,ALEXIS-LEBRUN,20645,20696,garcon,coup_droit,3,att/att,ALEXIS-LEBRUN,lat_gauche,,d1,,,42.94803504943848,34.98031756083171,2.0,ALEXIS-LEBRUN,FAN-ZHENDONG
ALEXIS-LEBRUN_vs_FAN-ZHENDONG,FAN-ZHENDONG,20697,20716,garcon,coup_droit,3,att/att,serveur_point_pour,,defensif,,filet,poussette,,,,FAN-ZHENDONG,ALEXIS-LEBRUN
ALEXIS-LEBRUN_vs_FAN-ZHENDONG,ALEXIS-LEBRUN,20988,21026,garcon,coup_droit,3,att/att,ALEXIS-LEBRUN,lat_droit,,g3,,,-34.514313507080075,109.50052922566732,2.0,ALEXIS-LEBRUN,FAN-ZHENDONG
ALEXIS-LEBRUN_vs_FAN-ZHENDONG,FAN-ZHENDONG,21027,21044,garcon,revers,3,att/att,serveur_point_pour,,offensif,,out,topspin,,,,FAN-ZHENDONG,ALEXIS-LEBRUN
ALEXIS-LEBRUN_vs_FAN-ZHENDONG,FAN-ZHENDONG,21508,21533,garcon,coup_droit,3,att/att,FAN-ZHENDONG,lat_droit,,m2,,,-12.803654861450196,-69.22055775324503,2.0,FAN-ZHENDONG,ALEXIS-LEBRUN
ALEXIS-LEBRUN_vs_FAN-ZHENDONG,ALEXIS-LEBRUN,21534,21546,garcon,coup_droit,3,att/att,ALEXIS-LEBRUN,,defensif,m2,,poussette,1.0934436798095704,81.60814018249512,2.0,ALEXIS-LEBRUN,FAN-ZHENDONG
ALEXIS-LEBRUN_vs_FAN-ZHENDONG,FAN-ZHENDONG,21547,21567,garcon,coup_droit,3,att/att,FAN-ZHENDONG,,intermediaire,g3,,topspin,61.53160552978515,-103.7117351849874,2.0,FAN-ZHENDONG,ALEXIS-LEBRUN
ALEXIS-LEBRUN_vs_FAN-ZHENDONG,ALEXIS-LEBRUN,21568,21576,garcon,revers,3,att/att,serveur_point_contre,,offensif,d3,pt_gagne,topspin,39.264770126342775,133.0791965484619,2.0,ALEXIS-LEBRUN,FAN-ZHENDONG
ALEXIS-LEBRUN_vs_FAN-ZHENDONG,FAN-ZHENDONG,22091,22133,garcon,coup_droit,3,att/att,FAN-ZHENDONG,lat_droit,,m2,,,-12.817179489135745,-70.67069705327351,2.0,FAN-ZHENDONG,ALEXIS-LEBRUN
ALEXIS-LEBRUN_vs_FAN-ZHENDONG,ALEXIS-LEBRUN,22134,22146,garcon,coup_droit,3,att/att,ALEXIS-LEBRUN,,defensif,g3,,poussette,-47.92850818634033,119.90034675598145,2.0,ALEXIS-LEBRUN,FAN-ZHENDONG
ALEXIS-LEBRUN_vs_FAN-ZHENDONG,FAN-ZHENDONG,22147,22156,garcon,revers,3,att/att,FAN-ZHENDONG,,offensif,m3,,topspin,-18.372826194763185,-117.85617661476137,2.0,FAN-ZHENDONG,ALEXIS-LEBRUN
ALEXIS-LEBRUN_vs_FAN-ZHENDONG,ALEXIS-LEBRUN,22158,22167,garcon,coup_droit,3,att/att,serveur_point_contre,,offensif,d2,pt_gagne,topspin,54.30681610107422,74.82111511230468,2.0,ALEXIS-LEBRUN,FAN-ZHENDONG
ALEXIS-LEBRUN_vs_FAN-ZHENDONG,ALEXIS-LEBRUN,22709,22737,garcon,coup_droit,3,att/att,ALEXIS-LEBRUN,lat_droit,,d2,,,36.43542671203613,65.21664568583171,2.0,ALEXIS-LEBRUN,FAN-ZHENDONG
ALEXIS-LEBRUN_vs_FAN-ZHENDONG,FAN-ZHENDONG,22738,22751,garcon,coup_droit,3,att/att,FAN-ZHENDONG,,defensif,d2,,poussette,-60.89604678153992,-61.38009624481201,2.0,FAN-ZHENDONG,ALEXIS-LEBRUN
ALEXIS-LEBRUN_vs_FAN-ZHENDONG,ALEXIS-LEBRUN,22752,22766,garcon,coup_droit,3,att/att,ALEXIS-LEBRUN,,intermediaire,m3,,flip,18.47292366027832,134.62146390279133,2.0,ALEXIS-LEBRUN,FAN-ZHENDONG
ALEXIS-LEBRUN_vs_FAN-ZHENDONG,FAN-ZHENDONG,22767,22777,garcon,coup_droit,3,att/att,FAN-ZHENDONG,,offensif,d2,,topspin,-44.31273956298829,-64.58459688822428,2.0,FAN-ZHENDONG,ALEXIS-LEBRUN
ALEXIS-LEBRUN_vs_FAN-ZHENDONG,ALEXIS-LEBRUN,22778,22793,garcon,coup_droit,3,att/att,ALEXIS-LEBRUN,,intermediaire,m2,,bloc,-6.446340560913086,72.14930572509766,2.0,ALEXIS-LEBRUN,FAN-ZHENDONG
ALEXIS-LEBRUN_vs_FAN-ZHENDONG,FAN-ZHENDONG,22794,22806,garcon,coup_droit,3,att/att,FAN-ZHENDONG,,offensif,g3,,topspin,46.320719146728514,-97.71770645777384,2.0,FAN-ZHENDONG,ALEXIS-LEBRUN
ALEXIS-LEBRUN_vs_FAN-ZHENDONG,ALEXIS-LEBRUN,22807,22833,garcon,revers,3,att/att,ALEXIS-LEBRUN,,intermediaire,m3,,bloc,-10.891565322875977,135.84026832580565,2.0,ALEXIS-LEBRUN,FAN-ZHENDONG
ALEXIS-LEBRUN_vs_FAN-ZHENDONG,FAN-ZHENDONG,22834,22846,garcon,coup_droit,3,att/att,FAN-ZHENDONG,,intermediaire,m1,,bloc,4.883876419067383,-42.05218442281088,2.0,FAN-ZHENDONG,ALEXIS-LEBRUN
ALEXIS-LEBRUN_vs_FAN-ZHENDONG,ALEXIS-LEBRUN,22847,22869,garcon,revers,3,att/att,ALEXIS-LEBRUN,,defensif,m3,,poussette,-13.7641788482666,100.10602849324545,2.0,ALEXIS-LEBRUN,FAN-ZHENDONG
ALEXIS-LEBRUN_vs_FAN-ZHENDONG,FAN-ZHENDONG,22870,22891,garcon,coup_droit,3,att/att,serveur_point_pour,,offensif,,out,topspin,,,,FAN-ZHENDONG,ALEXIS-LEBRUN
ALEXIS-LEBRUN_vs_FAN-ZHENDONG,ALEXIS-LEBRUN,23176,23177,garcon,coup_droit,3,att/att,ALEXIS-LEBRUN,lat_droit,,g2,,,-54.02364149093628,63.20688311258952,2.0,ALEXIS-LEBRUN,FAN-ZHENDONG
ALEXIS-LEBRUN_vs_FAN-ZHENDONG,FAN-ZHENDONG,23178,23195,garcon,revers,3,att/att,FAN-ZHENDONG,,defensif,m2,,poussette,-15.353953170776368,-69.45207554499308,2.0,FAN-ZHENDONG,ALEXIS-LEBRUN
ALEXIS-LEBRUN_vs_FAN-ZHENDONG,ALEXIS-LEBRUN,23196,23211,garcon,coup_droit,3,att/att,ALEXIS-LEBRUN,,defensif,m2,,poussette,17.937925338745117,73.32893155415853,2.0,ALEXIS-LEBRUN,FAN-ZHENDONG
ALEXIS-LEBRUN_vs_FAN-ZHENDONG,FAN-ZHENDONG,23212,23226,garcon,coup_droit,3,att/att,FAN-ZHENDONG,,intermediaire,m3,,flip,-0.8749549865722657,-135.38109899361928,2.0,FAN-ZHENDONG,ALEXIS-LEBRUN
ALEXIS-LEBRUN_vs_FAN-ZHENDONG,ALEXIS-LEBRUN,23227,23251,garcon,coup_droit,3,att/att,serveur_point_pour,,offensif,,filet,topspin,,,,ALEXIS-LEBRUN,FAN-ZHENDONG
ALEXIS-LEBRUN_vs_FAN-ZHENDONG,FAN-ZHENDONG,23603,23629,garcon,coup_droit,3,att/att,FAN-ZHENDONG,lat_droit,,g3,,,50.53548889160156,-122.79085466066996,2.0,FAN-ZHENDONG,ALEXIS-LEBRUN
ALEXIS-LEBRUN_vs_FAN-ZHENDONG,ALEXIS-LEBRUN,23630,23637,garcon,revers,3,att/att,ALEXIS-LEBRUN,,offensif,m2,,topspin,-24.25307846069336,80.64125289916993,2.0,ALEXIS-LEBRUN,FAN-ZHENDONG
ALEXIS-LEBRUN_vs_FAN-ZHENDONG,FAN-ZHENDONG,23638,23648,garcon,revers,3,att/att,FAN-ZHENDONG,,intermediaire,m3,,bloc,18.7621883392334,-104.1228948434194,2.0,FAN-ZHENDONG,ALEXIS-LEBRUN
ALEXIS-LEBRUN_vs_FAN-ZHENDONG,ALEXIS-LEBRUN,23649,23663,garcon,revers,3,att/att,serveur_point_pour,,offensif,,out,topspin,,,,ALEXIS-LEBRUN,FAN-ZHENDONG
ALEXIS-LEBRUN_vs_FAN-ZHENDONG,FAN-ZHENDONG,24032,24061,garcon,coup_droit,3,att/att,FAN-ZHENDONG,lat_droit,,m2,,,-2.6528491973876958,-58.271887143452965,2.0,FAN-ZHENDONG,ALEXIS-LEBRUN
ALEXIS-LEBRUN_vs_FAN-ZHENDONG,ALEXIS-LEBRUN,24062,24074,garcon,coup_droit,3,att/att,ALEXIS-LEBRUN,,defensif,m2,,poussette,-3.805146026611328,87.70693550109863,2.0,ALEXIS-LEBRUN,FAN-ZHENDONG
ALEXIS-LEBRUN_vs_FAN-ZHENDONG,FAN-ZHENDONG,24075,24085,garcon,coup_droit,3,att/att,FAN-ZHENDONG,,defensif,d1,,poussette,-44.08863735198975,-42.08881963094076,2.0,FAN-ZHENDONG,ALEXIS-LEBRUN
ALEXIS-LEBRUN_vs_FAN-ZHENDONG,ALEXIS-LEBRUN,24086,24104,garcon,coup_droit,3,att/att,ALEXIS-LEBRUN,,defensif,g3,,poussette,-26.582206344604494,110.13787384033203,2.0,ALEXIS-LEBRUN,FAN-ZHENDONG
ALEXIS-LEBRUN_vs_FAN-ZHENDONG,FAN-ZHENDONG,24105,24129,garcon,revers,3,att/att,serveur_point_pour,,offensif,,out,topspin,,,,FAN-ZHENDONG,ALEXIS-LEBRUN
ALEXIS-LEBRUN_vs_FAN-ZHENDONG,FAN-ZHENDONG,24239,24290,garcon,coup_droit,4,att/att,FAN-ZHENDONG,lat_droit,,m2,,,15.54952392578125,72.09498875935873,2.0,FAN-ZHENDONG,ALEXIS-LEBRUN
ALEXIS-LEBRUN_vs_FAN-ZHENDONG,ALEXIS-LEBRUN,24291,24303,garcon,coup_droit,4,att/att,ALEXIS-LEBRUN,,offensif,m3,,topspin,-5.832412338256836,-133.3257043659687,2.0,ALEXIS-LEBRUN,FAN-ZHENDONG
ALEXIS-LEBRUN_vs_FAN-ZHENDONG,FAN-ZHENDONG,24304,24314,garcon,coup_droit,4,att/att,serveur_point_contre,,offensif,d3,pt_gagne,topspin,52.37240295410156,105.78420702616374,2.0,FAN-ZHENDONG,ALEXIS-LEBRUN
ALEXIS-LEBRUN_vs_FAN-ZHENDONG,FAN-ZHENDONG,24670,24695,garcon,coup_droit,4,att/att,FAN-ZHENDONG,lat_droit,,m2,,,-1.5312545776367188,64.69000803629557,2.0,FAN-ZHENDONG,ALEXIS-LEBRUN
ALEXIS-LEBRUN_vs_FAN-ZHENDONG,ALEXIS-LEBRUN,24696,24709,garcon,coup_droit,4,att/att,ALEXIS-LEBRUN,,intermediaire,g3,,flip,30.450967407226564,-102.5556901137034,2.0,ALEXIS-LEBRUN,FAN-ZHENDONG
ALEXIS-LEBRUN_vs_FAN-ZHENDONG,FAN-ZHENDONG,24710,24723,garcon,revers,4,att/att,FAN-ZHENDONG,,offensif,g3,,topspin,-73.10323050022126,136.6280559539795,2.0,FAN-ZHENDONG,ALEXIS-LEBRUN
ALEXIS-LEBRUN_vs_FAN-ZHENDONG,ALEXIS-LEBRUN,24724,24737,garcon,revers,4,att/att,ALEXIS-LEBRUN,,intermediaire,m3,,bloc,-13.345147323608398,-127.2924657424291,2.0,ALEXIS-LEBRUN,FAN-ZHENDONG
ALEXIS-LEBRUN_vs_FAN-ZHENDONG,FAN-ZHENDONG,24738,24748,garcon,coup_droit,4,att/att,FAN-ZHENDONG,,offensif,m2,,topspin,-16.41121883392334,90.21183954874674,2.0,FAN-ZHENDONG,ALEXIS-LEBRUN
ALEXIS-LEBRUN_vs_FAN-ZHENDONG,ALEXIS-LEBRUN,24749,24766,garcon,revers,4,att/att,ALEXIS-LEBRUN,,intermediaire,d2,,bloc,-38.82414340972901,-56.67903079986572,2.0,ALEXIS-LEBRUN,FAN-ZHENDONG
ALEXIS-LEBRUN_vs_FAN-ZHENDONG,FAN-ZHENDONG,24767,24778,garcon,coup_droit,4,att/att,serveur_point_contre,,offensif,d2,pt_gagne,topspin,45.30042152404785,49.79839693705241,2.0,FAN-ZHENDONG,ALEXIS-LEBRUN
ALEXIS-LEBRUN_vs_FAN-ZHENDONG,ALEXIS-LEBRUN,25075,25131,garcon,coup_droit,4,att/att,ALEXIS-LEBRUN,lat_droit,,d2,,,-33.55929069519043,-65.17653074264527,2.0,ALEXIS-LEBRUN,FAN-ZHENDONG
ALEXIS-LEBRUN_vs_FAN-ZHENDONG,FAN-ZHENDONG,25132,25143,garcon,coup_droit,4,att/att,FAN-ZHENDONG,,defensif,m2,,poussette,-1.5833019256591796,58.98439229329427,2.0,FAN-ZHENDONG,ALEXIS-LEBRUN
ALEXIS-LEBRUN_vs_FAN-ZHENDONG,ALEXIS-LEBRUN,25144,25156,garcon,coup_droit,4,att/att,ALEXIS-LEBRUN,,defensif,d2,,poussette,-30.934487342834476,-67.9106922785441,2.0,ALEXIS-LEBRUN,FAN-ZHENDONG
ALEXIS-LEBRUN_vs_FAN-ZHENDONG,FAN-ZHENDONG,25157,25167,garcon,revers,4,att/att,FAN-ZHENDONG,,offensif,g3,,flip,-45.406433296203616,98.66960779825848,2.0,FAN-ZHENDONG,ALEXIS-LEBRUN
ALEXIS-LEBRUN_vs_FAN-ZHENDONG,ALEXIS-LEBRUN,25168,25178,garcon,revers,4,att/att,ALEXIS-LEBRUN,,intermediaire,m2,,bloc,-7.918821716308594,-87.51410853068033,2.0,ALEXIS-LEBRUN,FAN-ZHENDONG
ALEXIS-LEBRUN_vs_FAN-ZHENDONG,FAN-ZHENDONG,25179,25187,garcon,revers,4,att/att,FAN-ZHENDONG,,offensif,g2,,topspin,-45.52625598907471,86.707785542806,2.0,FAN-ZHENDONG,ALEXIS-LEBRUN
ALEXIS-LEBRUN_vs_FAN-ZHENDONG,ALEXIS-LEBRUN,25188,25200,garcon,revers,4,att/att,ALEXIS-LEBRUN,,offensif,g3,,topspin,32.83225860595703,-92.59991769790648,2.0,ALEXIS-LEBRUN,FAN-ZHENDONG
ALEXIS-LEBRUN_vs_FAN-ZHENDONG,FAN-ZHENDONG,25201,25225,garcon,revers,4,att/att,serveur_point_pour,,intermediaire,,filet,topspin,,,,FAN-ZHENDONG,ALEXIS-LEBRUN
ALEXIS-LEBRUN_vs_FAN-ZHENDONG,ALEXIS-LEBRUN,25505,25527,garcon,coup_droit,4,att/att,ALEXIS-LEBRUN,lat_gauche,,g3,,,55.10584182739258,-97.90899171829224,2.0,ALEXIS-LEBRUN,FAN-ZHENDONG
ALEXIS-LEBRUN_vs_FAN-ZHENDONG,FAN-ZHENDONG,25528,25537,garcon,revers,4,att/att,FAN-ZHENDONG,,offensif,m2,,topspin,-16.493192863464355,81.51683959960937,2.0,FAN-ZHENDONG,ALEXIS-LEBRUN
ALEXIS-LEBRUN_vs_FAN-ZHENDONG,ALEXIS-LEBRUN,25538,25557,garcon,revers,4,att/att,serveur_point_pour,,offensif,,filet,topspin,,,,ALEXIS-LEBRUN,FAN-ZHENDONG
ALEXIS-LEBRUN_vs_FAN-ZHENDONG,FAN-ZHENDONG,25992,26017,garcon,coup_droit,4,att/att,FAN-ZHENDONG,lat_droit,,g2,,,-62.38075156211853,68.22538401285807,2.0,FAN-ZHENDONG,ALEXIS-LEBRUN
ALEXIS-LEBRUN_vs_FAN-ZHENDONG,ALEXIS-LEBRUN,26018,26032,garcon,revers,4,att/att,ALEXIS-LEBRUN,,offensif,g3,,topspin,48.30724487304688,-125.85569881598154,2.0,ALEXIS-LEBRUN,FAN-ZHENDONG
ALEXIS-LEBRUN_vs_FAN-ZHENDONG,FAN-ZHENDONG,26033,26040,garcon,coup_droit,4,att/att,FAN-ZHENDONG,,offensif,m3,,topspin,18.47292366027832,134.62146390279133,2.0,FAN-ZHENDONG,ALEXIS-LEBRUN
ALEXIS-LEBRUN_vs_FAN-ZHENDONG,ALEXIS-LEBRUN,26041,26067,garcon,coup_droit,4,att/att,serveur_point_pour,,intermediaire,,filet,bloc,,,,ALEXIS-LEBRUN,FAN-ZHENDONG
ALEXIS-LEBRUN_vs_FAN-ZHENDONG,FAN-ZHENDONG,26495,26517,garcon,coup_droit,4,att/att,FAN-ZHENDONG,lat_droit,,g3,,,-61.7977837562561,124.5253719329834,2.0,FAN-ZHENDONG,ALEXIS-LEBRUN
ALEXIS-LEBRUN_vs_FAN-ZHENDONG,ALEXIS-LEBRUN,26518,26525,garcon,revers,4,att/att,ALEXIS-LEBRUN,,offensif,d2,,topspin,-49.95856494903565,-81.64483200709024,2.0,ALEXIS-LEBRUN,FAN-ZHENDONG
ALEXIS-LEBRUN_vs_FAN-ZHENDONG,FAN-ZHENDONG,26526,26539,garcon,coup_droit,4,att/att,serveur_point_contre,,intermediaire,g3,pt_gagne,topspin,-53.50124187469483,114.50117416381836,2.0,FAN-ZHENDONG,ALEXIS-LEBRUN
ALEXIS-LEBRUN_vs_FAN-ZHENDONG,ALEXIS-LEBRUN,26943,26962,garcon,coup_droit,4,att/att,ALEXIS-LEBRUN,lat_droit,,d1,,,-35.96586990356445,-38.641565004984535,2.0,ALEXIS-LEBRUN,FAN-ZHENDONG
ALEXIS-LEBRUN_vs_FAN-ZHENDONG,FAN-ZHENDONG,26963,26977,garcon,coup_droit,4,att/att,FAN-ZHENDONG,,defensif,m2,,poussette,5.888496780395508,69.9191047668457,2.0,FAN-ZHENDONG,ALEXIS-LEBRUN
ALEXIS-LEBRUN_vs_FAN-ZHENDONG,ALEXIS-LEBRUN,26978,26992,garcon,coup_droit,4,att/att,ALEXIS-LEBRUN,,intermediaire,d2,,flip,-38.92701320648193,-67.11999543507893,2.0,ALEXIS-LEBRUN,FAN-ZHENDONG
ALEXIS-LEBRUN_vs_FAN-ZHENDONG,FAN-ZHENDONG,26993,27003,garcon,coup_droit,4,att/att,serveur_point_contre,,offensif,g2,pt_gagne,topspin,-32.060847473144534,88.5960578918457,2.0,FAN-ZHENDONG,ALEXIS-LEBRUN
ALEXIS-LEBRUN_vs_FAN-ZHENDONG,ALEXIS-LEBRUN,27258,27292,garcon,coup_droit,4,att/att,ALEXIS-LEBRUN,lat_droit,,d2,,,-25.587939643859865,-58.627560488382976,2.0,ALEXIS-LEBRUN,FAN-ZHENDONG
ALEXIS-LEBRUN_vs_FAN-ZHENDONG,FAN-ZHENDONG,27293,27307,garcon,revers,4,att/att,FAN-ZHENDONG,,intermediaire,g3,,flip,-31.90290069580078,104.80462023417157,2.0,FAN-ZHENDONG,ALEXIS-LEBRUN
ALEXIS-LEBRUN_vs_FAN-ZHENDONG,ALEXIS-LEBRUN,27308,27332,garcon,revers,4,att/att,serveur_point_pour,,offensif,,out,topspin,,,,ALEXIS-LEBRUN,FAN-ZHENDONG
ALEXIS-LEBRUN_vs_FAN-ZHENDONG,FAN-ZHENDONG,27645,27688,garcon,coup_droit,4,att/att,FAN-ZHENDONG,lat_droit,,g3,,,-53.43985557556152,120.52878952026369,2.0,FAN-ZHENDONG,ALEXIS-LEBRUN
ALEXIS-LEBRUN_vs_FAN-ZHENDONG,ALEXIS-LEBRUN,27689,27703,garcon,revers,4,att/att,serveur_point_pour,,offensif,,out,topspin,,,,ALEXIS-LEBRUN,FAN-ZHENDONG
ALEXIS-LEBRUN_vs_FAN-ZHENDONG,FAN-ZHENDONG,28120,28149,garcon,coup_droit,4,att/att,FAN-ZHENDONG,lat_droit,,d2,,,34.239363479614255,74.93838958740234,2.0,FAN-ZHENDONG,ALEXIS-LEBRUN
ALEXIS-LEBRUN_vs_FAN-ZHENDONG,ALEXIS-LEBRUN,28150,28161,garcon,coup_droit,4,att/att,ALEXIS-LEBRUN,,defensif,m2,,poussette,4.781890869140625,-53.41937700907389,2.0,ALEXIS-LEBRUN,FAN-ZHENDONG
ALEXIS-LEBRUN_vs_FAN-ZHENDONG,FAN-ZHENDONG,28162,28175,garcon,coup_droit,4,att/att,FAN-ZHENDONG,,defensif,m3,,poussette,13.568383407592773,118.49345372517904,2.0,FAN-ZHENDONG,ALEXIS-LEBRUN
ALEXIS-LEBRUN_vs_FAN-ZHENDONG,ALEXIS-LEBRUN,28176,28185,garcon,coup_droit,4,att/att,serveur_point_contre,,offensif,g3,pt_gagne,topspin,41.80821189880371,-103.75777525901796,2.0,ALEXIS-LEBRUN,FAN-ZHENDONG
ALEXIS-LEBRUN_vs_FAN-ZHENDONG,ALEXIS-LEBRUN,28482,28512,garcon,coup_droit,4,att/att,ALEXIS-LEBRUN,lat_droit,,m2,,,-2.6659244537353515,-59.7052853902181,2.0,ALEXIS-LEBRUN,FAN-ZHENDONG
ALEXIS-LEBRUN_vs_FAN-ZHENDONG,FAN-ZHENDONG,28513,28525,garcon,revers,4,att/att,FAN-ZHENDONG,,offensif,d3,,flip,52.544410705566406,127.18864529927572,2.0,FAN-ZHENDONG,ALEXIS-LEBRUN
ALEXIS-LEBRUN_vs_FAN-ZHENDONG,ALEXIS-LEBRUN,28526,28535,garcon,coup_droit,4,att/att,ALEXIS-LEBRUN,,offensif,g3,,topspin,48.58069458007813,-92.01649808883668,2.0,ALEXIS-LEBRUN,FAN-ZHENDONG
ALEXIS-LEBRUN_vs_FAN-ZHENDONG,FAN-ZHENDONG,28536,28554,garcon,revers,4,att/att,serveur_point_pour,,intermediaire,,filet,bloc,,,,FAN-ZHENDONG,ALEXIS-LEBRUN
ALEXIS-LEBRUN_vs_FAN-ZHENDONG,ALEXIS-LEBRUN,29020,29055,garcon,coup_droit,4,att/att,ALEXIS-LEBRUN,lat_gauche,,g2,,,48.61348419189453,-87.95890054702758,2.0,ALEXIS-LEBRUN,FAN-ZHENDONG
ALEXIS-LEBRUN_vs_FAN-ZHENDONG,FAN-ZHENDONG,29056,29064,garcon,revers,4,att/att,FAN-ZHENDONG,,intermediaire,m3,,topspin,-3.4908397674560545,121.976167678833,2.0,FAN-ZHENDONG,ALEXIS-LEBRUN
ALEXIS-LEBRUN_vs_FAN-ZHENDONG,ALEXIS-LEBRUN,29065,29076,garcon,coup_droit,4,att/att,ALEXIS-LEBRUN,,offensif,g3,,topspin,39.63531303405762,-94.49543259938558,2.0,ALEXIS-LEBRUN,FAN-ZHENDONG
ALEXIS-LEBRUN_vs_FAN-ZHENDONG,FAN-ZHENDONG,29077,29087,garcon,revers,4,att/att,FAN-ZHENDONG,,intermediaire,g3,,topspin,,,,FAN-ZHENDONG,ALEXIS-LEBRUN
ALEXIS-LEBRUN_vs_FAN-ZHENDONG,ALEXIS-LEBRUN,29088,29108,garcon,revers,4,att/att,serveur_point_pour,,offensif,,filet,topspin,,,,ALEXIS-LEBRUN,FAN-ZHENDONG
ALEXIS-LEBRUN_vs_FAN-ZHENDONG,FAN-ZHENDONG,29529,29555,garcon,coup_droit,4,att/att,FAN-ZHENDONG,lat_droit,,m2,,,-3.9755809783935545,69.12454058329264,2.0,FAN-ZHENDONG,ALEXIS-LEBRUN
ALEXIS-LEBRUN_vs_FAN-ZHENDONG,ALEXIS-LEBRUN,29556,29566,garcon,revers,4,att/att,ALEXIS-LEBRUN,,offensif,g2,,flip,39.70305938720704,-86.29422403971354,2.0,ALEXIS-LEBRUN,FAN-ZHENDONG
ALEXIS-LEBRUN_vs_FAN-ZHENDONG,FAN-ZHENDONG,29567,29588,garcon,revers,4,att/att,serveur_point_pour,,intermediaire,,out,topspin,,,,FAN-ZHENDONG,ALEXIS-LEBRUN
ALEXIS-LEBRUN_vs_FAN-ZHENDONG,FAN-ZHENDONG,29911,29940,garcon,coup_droit,4,att/att,FAN-ZHENDONG,lat_droit,,d2,,,31.893369674682617,68.2419334411621,2.0,FAN-ZHENDONG,ALEXIS-LEBRUN
ALEXIS-LEBRUN_vs_FAN-ZHENDONG,ALEXIS-LEBRUN,29941,29952,garcon,revers,4,att/att,ALEXIS-LEBRUN,,defensif,d1,,poussette,-57.88116645812988,-41.37861398061116,2.0,ALEXIS-LEBRUN,FAN-ZHENDONG
ALEXIS-LEBRUN_vs_FAN-ZHENDONG,FAN-ZHENDONG,29953,29980,garcon,coup_droit,4,att/att,serveur_point_pour,,intermediaire,,filet,flip,,,,FAN-ZHENDONG,ALEXIS-LEBRUN
ALEXIS-LEBRUN_vs_FAN-ZHENDONG,ALEXIS-LEBRUN,30379,30411,garcon,coup_droit,4,att/att,ALEXIS-LEBRUN,lat_gauche,,g3,,,67.76869125366211,-121.33156309127808,2.0,ALEXIS-LEBRUN,FAN-ZHENDONG
ALEXIS-LEBRUN_vs_FAN-ZHENDONG,FAN-ZHENDONG,30412,30422,garcon,revers,4,att/att,FAN-ZHENDONG,,intermediaire,m3,,topspin,-16.192759132385255,113.38353029886882,2.0,FAN-ZHENDONG,ALEXIS-LEBRUN
ALEXIS-LEBRUN_vs_FAN-ZHENDONG,ALEXIS-LEBRUN,30423,30444,garcon,coup_droit,4,att/att,serveur_point_pour,,offensif,,out,topspin,,,,ALEXIS-LEBRUN,FAN-ZHENDONG
ALEXIS-LEBRUN_vs_FAN-ZHENDONG,ALEXIS-LEBRUN,30700,30740,garcon,coup_droit,4,att/att,ALEXIS-LEBRUN,lat_gauche,,d1,,,-49.57856531143189,-43.918219566345215,2.0,ALEXIS-LEBRUN,FAN-ZHENDONG
ALEXIS-LEBRUN_vs_FAN-ZHENDONG,FAN-ZHENDONG,30741,30755,garcon,coup_droit,4,att/att,FAN-ZHENDONG,,defensif,m2,,poussette,5.7107994079589846,50.1130625406901,2.0,FAN-ZHENDONG,ALEXIS-LEBRUN
ALEXIS-LEBRUN_vs_FAN-ZHENDONG,ALEXIS-LEBRUN,30756,30786,garcon,coup_droit,4,att/att,serveur_point_pour,,intermediaire,,filet,flip,,,,ALEXIS-LEBRUN,FAN-ZHENDONG
ALEXIS-LEBRUN_vs_FAN-ZHENDONG,ALEXIS-LEBRUN,30928,30966,garcon,coup_droit,5,att/att,ALEXIS-LEBRUN,lat_droit,,d2,,,56.31844863891602,54.65589803059896,2.0,ALEXIS-LEBRUN,FAN-ZHENDONG
ALEXIS-LEBRUN_vs_FAN-ZHENDONG,FAN-ZHENDONG,30967,30983,garcon,revers,5,att/att,FAN-ZHENDONG,,defensif,d2,,poussette,-38.7506929397583,-49.22390530904134,2.0,FAN-ZHENDONG,ALEXIS-LEBRUN
ALEXIS-LEBRUN_vs_FAN-ZHENDONG,ALEXIS-LEBRUN,30984,30992,garcon,coup_droit,5,att/att,ALEXIS-LEBRUN,,offensif,d3,,flip,45.77486343383789,107.8655153910319,2.0,ALEXIS-LEBRUN,FAN-ZHENDONG
ALEXIS-LEBRUN_vs_FAN-ZHENDONG,FAN-ZHENDONG,30993,31016,garcon,coup_droit,5,att/att,serveur_point_pour,,intermediaire,,out,topspin,,,,FAN-ZHENDONG,ALEXIS-LEBRUN
ALEXIS-LEBRUN_vs_FAN-ZHENDONG,ALEXIS-LEBRUN,31456,31497,garcon,coup_droit,5,att/att,ALEXIS-LEBRUN,lat_droit,,d2,,,34.10138473510742,58.50947596232096,2.0,ALEXIS-LEBRUN,FAN-ZHENDONG
ALEXIS-LEBRUN_vs_FAN-ZHENDONG,FAN-ZHENDONG,31498,31514,garcon,revers,5,att/att,FAN-ZHENDONG,,defensif,d2,,poussette,-25.55975971221924,-55.687493578592935,2.0,FAN-ZHENDONG,ALEXIS-LEBRUN
ALEXIS-LEBRUN_vs_FAN-ZHENDONG,ALEXIS-LEBRUN,31515,31528,garcon,coup_droit,5,att/att,ALEXIS-LEBRUN,,defensif,d3,,poussette,50.09429321289063,95.28997065226235,2.0,ALEXIS-LEBRUN,FAN-ZHENDONG
ALEXIS-LEBRUN_vs_FAN-ZHENDONG,FAN-ZHENDONG,31529,31538,garcon,coup_droit,5,att/att,serveur_point_contre,,offensif,d2,pt_gagne,topspin,-39.16230983734131,-91.0015956878662,2.0,FAN-ZHENDONG,ALEXIS-LEBRUN
ALEXIS-LEBRUN_vs_FAN-ZHENDONG,FAN-ZHENDONG,31967,31995,garcon,coup_droit,5,att/att,FAN-ZHENDONG,lat_droit,,m2,,,-0.3293312072753906,-75.2330129623413,2.0,FAN-ZHENDONG,ALEXIS-LEBRUN
ALEXIS-LEBRUN_vs_FAN-ZHENDONG,ALEXIS-LEBRUN,31996,32008,garcon,coup_droit,5,att/att,ALEXIS-LEBRUN,,defensif,g3,,poussette,-29.29172706604004,101.60376917521158,2.0,ALEXIS-LEBRUN,FAN-ZHENDONG
ALEXIS-LEBRUN_vs_FAN-ZHENDONG,FAN-ZHENDONG,32009,32019,garcon,revers,5,att/att,FAN-ZHENDONG,,offensif,g3,,topspin,63.57604217529297,-115.37455282211305,2.0,FAN-ZHENDONG,ALEXIS-LEBRUN
ALEXIS-LEBRUN_vs_FAN-ZHENDONG,ALEXIS-LEBRUN,32020,32050,garcon,revers,5,att/att,serveur_point_pour,,intermediaire,,out,bloc,,,,ALEXIS-LEBRUN,FAN-ZHENDONG
ALEXIS-LEBRUN_vs_FAN-ZHENDONG,FAN-ZHENDONG,32555,32582,garcon,coup_droit,5,att/att,FAN-ZHENDONG,lat_droit,,m2,,,4.552240371704102,-79.01467491785685,2.0,FAN-ZHENDONG,ALEXIS-LEBRUN
ALEXIS-LEBRUN_vs_FAN-ZHENDONG,ALEXIS-LEBRUN,32583,32594,garcon,coup_droit,5,att/att,serveur_point_contre,,offensif,g3,pt_gagne,topspin,-53.28645143508911,135.5913823445638,2.0,ALEXIS-LEBRUN,FAN-ZHENDONG
ALEXIS-LEBRUN_vs_FAN-ZHENDONG,ALEXIS-LEBRUN,32978,33036,garcon,coup_droit,5,att/att,ALEXIS-LEBRUN,lat_droit,,d2,,,36.41261749267578,62.485449981689456,2.0,ALEXIS-LEBRUN,FAN-ZHENDONG
ALEXIS-LEBRUN_vs_FAN-ZHENDONG,FAN-ZHENDONG,33037,33049,garcon,coup_droit,5,att/att,FAN-ZHENDONG,,defensif,g3,,poussette,46.29867095947266,-100.4308676401774,2.0,FAN-ZHENDONG,ALEXIS-LEBRUN
ALEXIS-LEBRUN_vs_FAN-ZHENDONG,ALEXIS-LEBRUN,33050,33062,garcon,coup_droit,5,att/att,ALEXIS-LEBRUN,,offensif,g3,,topspin,-42.49594573974609,117.78987655639648,2.0,ALEXIS-LEBRUN,FAN-ZHENDONG
ALEXIS-LEBRUN_vs_FAN-ZHENDONG,FAN-ZHENDONG,33063,33082,garcon,revers,5,att/att,serveur_point_pour,,intermediaire,,out,bloc,,,,FAN-ZHENDONG,ALEXIS-LEBRUN
ALEXIS-LEBRUN_vs_FAN-ZHENDONG,ALEXIS-LEBRUN,33416,33478,garcon,coup_droit,5,att/att,serveur_point_pour,lat_gauche,,,out,,,,,ALEXIS-LEBRUN,FAN-ZHENDONG
ALEXIS-LEBRUN_vs_FAN-ZHENDONG,FAN-ZHENDONG,34026,34056,garcon,coup_droit,5,att/att,FAN-ZHENDONG,lat_droit,,m2,,,-0.1477489471435547,-55.21607875823975,2.0,FAN-ZHENDONG,ALEXIS-LEBRUN
ALEXIS-LEBRUN_vs_FAN-ZHENDONG,ALEXIS-LEBRUN,34057,34069,garcon,coup_droit,5,att/att,ALEXIS-LEBRUN,,defensif,m2,,poussette,1.1578994750976563,88.71368077596028,2.0,ALEXIS-LEBRUN,FAN-ZHENDONG
ALEXIS-LEBRUN_vs_FAN-ZHENDONG,FAN-ZHENDONG,34070,34086,garcon,coup_droit,5,att/att,FAN-ZHENDONG,,offensif,g3,,topspin,35.09664077758789,-95.06756375630697,2.0,FAN-ZHENDONG,ALEXIS-LEBRUN
ALEXIS-LEBRUN_vs_FAN-ZHENDONG,ALEXIS-LEBRUN,34087,34107,garcon,revers,5,att/att,serveur_point_pour,,offensif,,out,topspin,,,,ALEXIS-LEBRUN,FAN-ZHENDONG
ALEXIS-LEBRUN_vs_FAN-ZHENDONG,FAN-ZHENDONG,34617,34678,garcon,coup_droit,5,att/att,FAN-ZHENDONG,lat_droit,,d2,,,-52.508721923828126,-60.72623704274496,2.0,FAN-ZHENDONG,ALEXIS-LEBRUN
ALEXIS-LEBRUN_vs_FAN-ZHENDONG,ALEXIS-LEBRUN,34679,34692,garcon,coup_droit,5,att/att,ALEXIS-LEBRUN,,defensif,g3,,poussette,-45.27170162200928,112.1197462717692,2.0,ALEXIS-LEBRUN,FAN-ZHENDONG
ALEXIS-LEBRUN_vs_FAN-ZHENDONG,FAN-ZHENDONG,34693,34702,garcon,revers,5,att/att,FAN-ZHENDONG,,offensif,g3,,topspin,41.70733528137207,-116.03679343859356,2.0,FAN-ZHENDONG,ALEXIS-LEBRUN
ALEXIS-LEBRUN_vs_FAN-ZHENDONG,ALEXIS-LEBRUN,34703,34722,garcon,revers,5,att/att,serveur_point_pour,,offensif,,filet,topspin,,,,ALEXIS-LEBRUN,FAN-ZHENDONG
ALEXIS-LEBRUN_vs_FAN-ZHENDONG,ALEXIS-LEBRUN,35227,35251,garcon,coup_droit,5,att/att,ALEXIS-LEBRUN,lat_droit,,g2,,,37.508597946166994,-78.33735907872519,2.0,ALEXIS-LEBRUN,FAN-ZHENDONG
ALEXIS-LEBRUN_vs_FAN-ZHENDONG,FAN-ZHENDONG,35252,35263,garcon,revers,5,att/att,FAN-ZHENDONG,,intermediaire,m3,,flip,1.1965671539306642,92.97601216634116,2.0,FAN-ZHENDONG,ALEXIS-LEBRUN
ALEXIS-LEBRUN_vs_FAN-ZHENDONG,ALEXIS-LEBRUN,35264,35278,garcon,coup_droit,5,att/att,ALEXIS-LEBRUN,,offensif,g3,,topspin,61.45867691040039,-113.03998158772788,2.0,ALEXIS-LEBRUN,FAN-ZHENDONG
ALEXIS-LEBRUN_vs_FAN-ZHENDONG,FAN-ZHENDONG,35279,35288,garcon,revers,5,att/att,FAN-ZHENDONG,,intermediaire,m1,,topspin,12.91265640258789,44.192251968383786,2.0,FAN-ZHENDONG,ALEXIS-LEBRUN
ALEXIS-LEBRUN_vs_FAN-ZHENDONG,ALEXIS-LEBRUN,35289,35315,garcon,coup_droit,5,att/att,ALEXIS-LEBRUN,,intermediaire,g2,,topspin,61.71899337768555,-79.74093786875407,2.0,ALEXIS-LEBRUN,FAN-ZHENDONG
ALEXIS-LEBRUN_vs_FAN-ZHENDONG,FAN-ZHENDONG,35316,35329,garcon,coup_droit,5,att/att,FAN-ZHENDONG,,offensif,g3,,topspin,-53.4858943939209,116.00821736653646,2.0,FAN-ZHENDONG,ALEXIS-LEBRUN
ALEXIS-LEBRUN_vs_FAN-ZHENDONG,ALEXIS-LEBRUN,35330,35351,garcon,revers,5,att/att,serveur_point_pour,,offensif,,out,topspin,,,,ALEXIS-LEBRUN,FAN-ZHENDONG
ALEXIS-LEBRUN_vs_FAN-ZHENDONG,ALEXIS-LEBRUN,35786,35794,garcon,coup_droit,5,att/att,ALEXIS-LEBRUN,lat_gauche,,g2,,,61.69817733764648,-82.40321391423544,2.0,ALEXIS-LEBRUN,FAN-ZHENDONG
ALEXIS-LEBRUN_vs_FAN-ZHENDONG,FAN-ZHENDONG,35795,35805,garcon,revers,5,att/att,FAN-ZHENDONG,,intermediaire,m3,,topspin,-11.079380798339844,115.69851659138996,2.0,FAN-ZHENDONG,ALEXIS-LEBRUN
ALEXIS-LEBRUN_vs_FAN-ZHENDONG,ALEXIS-LEBRUN,35806,35824,garcon,revers,5,att/att,serveur_point_pour,,offensif,,filet,topspin,,,,ALEXIS-LEBRUN,FAN-ZHENDONG
ALEXIS-LEBRUN_vs_FAN-ZHENDONG,FAN-ZHENDONG,36370,36398,garcon,coup_droit,5,att/att,FAN-ZHENDONG,lat_droit,,d2,,,40.941193389892575,63.58140538533529,2.0,FAN-ZHENDONG,ALEXIS-LEBRUN
ALEXIS-LEBRUN_vs_FAN-ZHENDONG,ALEXIS-LEBRUN,36399,36410,garcon,coup_droit,5,att/att,ALEXIS-LEBRUN,,defensif,d1,,poussette,-55.11804552078247,-44.2524222056071,2.0,ALEXIS-LEBRUN,FAN-ZHENDONG
ALEXIS-LEBRUN_vs_FAN-ZHENDONG,FAN-ZHENDONG,36411,36435,garcon,coup_droit,5,att/att,serveur_point_pour,,defensif,,filet,poussette,,,,FAN-ZHENDONG,ALEXIS-LEBRUN
ALEXIS-LEBRUN_vs_FAN-ZHENDONG,FAN-ZHENDONG,36838,36869,garcon,coup_droit,5,att/att,FAN-ZHENDONG,lat_droit,,m2,,,-6.605070114135742,54.93805707295736,2.0,FAN-ZHENDONG,ALEXIS-LEBRUN
ALEXIS-LEBRUN_vs_FAN-ZHENDONG,ALEXIS-LEBRUN,36870,36883,garcon,coup_droit,5,att/att,ALEXIS-LEBRUN,,defensif,m3,,poussette,-8.118538284301758,-109.16949710845948,2.0,ALEXIS-LEBRUN,FAN-ZHENDONG
ALEXIS-LEBRUN_vs_FAN-ZHENDONG,FAN-ZHENDONG,36884,36895,garcon,coup_droit,5,att/att,FAN-ZHENDONG,,offensif,m3,,topspin,-13.466463088989258,131.85910301208497,2.0,FAN-ZHENDONG,ALEXIS-LEBRUN
ALEXIS-LEBRUN_vs_FAN-ZHENDONG,ALEXIS-LEBRUN,36896,36908,garcon,revers,5,att/att,ALEXIS-LEBRUN,,intermediaire,m3,,bloc,20.992555999755854,-119.17978791395824,2.0,ALEXIS-LEBRUN,FAN-ZHENDONG
ALEXIS-LEBRUN_vs_FAN-ZHENDONG,FAN-ZHENDONG,36909,36925,garcon,revers,5,att/att,serveur_point_pour,,offensif,,filet,topspin,,,,FAN-ZHENDONG,ALEXIS-LEBRUN
ALEXIS-LEBRUN_vs_FAN-ZHENDONG,ALEXIS-LEBRUN,37411,37436,garcon,coup_droit,5,att/att,ALEXIS-LEBRUN,lat_droit,,m3,,,1.725238037109375,-120.67604785760244,2.0,ALEXIS-LEBRUN,FAN-ZHENDONG
ALEXIS-LEBRUN_vs_FAN-ZHENDONG,FAN-ZHENDONG,37437,37457,garcon,revers,5,att/att,serveur_point_pour,,intermediaire,,filet,topspin,,,,FAN-ZHENDONG,ALEXIS-LEBRUN
ALEXIS-LEBRUN_vs_FAN-ZHENDONG,ALEXIS-LEBRUN,37714,37741,garcon,coup_droit,5,att/att,ALEXIS-LEBRUN,lat_droit,,d2,,,-30.762541198730467,-50.16781501770019,2.0,ALEXIS-LEBRUN,FAN-ZHENDONG
ALEXIS-LEBRUN_vs_FAN-ZHENDONG,FAN-ZHENDONG,37742,37755,garcon,revers,5,att/att,FAN-ZHENDONG,,intermediaire,g3,,flip,-56.43660793304444,99.68067334493,2.0,FAN-ZHENDONG,ALEXIS-LEBRUN
ALEXIS-LEBRUN_vs_FAN-ZHENDONG,ALEXIS-LEBRUN,37756,37762,garcon,revers,5,att/att,ALEXIS-LEBRUN,,offensif,g3,,topspin,59.40407867431641,-101.34210529327392,2.0,ALEXIS-LEBRUN,FAN-ZHENDONG
ALEXIS-LEBRUN_vs_FAN-ZHENDONG,FAN-ZHENDONG,37763,37782,garcon,revers,5,att/att,serveur_point_pour,,intermediaire,,out,bloc,,,,FAN-ZHENDONG,ALEXIS-LEBRUN
ALEXIS-LEBRUN_vs_FAN-ZHENDONG,FAN-ZHENDONG,38260,38288,garcon,coup_droit,5,att/att,FAN-ZHENDONG,lat_droit,,m2,,,17.877042770385742,66.35421854654948,2.0,FAN-ZHENDONG,ALEXIS-LEBRUN
ALEXIS-LEBRUN_vs_FAN-ZHENDONG,ALEXIS-LEBRUN,38289,38301,garcon,coup_droit,5,att/att,ALEXIS-LEBRUN,,defensif,g3,,poussette,39.48844108581543,-112.274037027359,2.0,ALEXIS-LEBRUN,FAN-ZHENDONG
ALEXIS-LEBRUN_vs_FAN-ZHENDONG,FAN-ZHENDONG,38302,38311,garcon,revers,5,att/att,FAN-ZHENDONG,,offensif,g2,,topspin,-32.04648571014404,90.07000223795573,2.0,FAN-ZHENDONG,ALEXIS-LEBRUN
ALEXIS-LEBRUN_vs_FAN-ZHENDONG,ALEXIS-LEBRUN,38312,38336,garcon,revers,5,att/att,serveur_point_pour,,intermediaire,,out,bloc,,,,ALEXIS-LEBRUN,FAN-ZHENDONG
ALEXIS-LEBRUN_vs_FAN-ZHENDONG,FAN-ZHENDONG,38815,38846,garcon,coup_droit,5,att/att,FAN-ZHENDONG,lat_droit,,m2,,,3.3181724548339844,55.8920706431071,2.0,FAN-ZHENDONG,ALEXIS-LEBRUN
ALEXIS-LEBRUN_vs_FAN-ZHENDONG,ALEXIS-LEBRUN,38847,38859,garcon,coup_droit,5,att/att,ALEXIS-LEBRUN,,defensif,d3,,poussette,-28.623116874694823,-101.62475210825602,2.0,ALEXIS-LEBRUN,FAN-ZHENDONG
ALEXIS-LEBRUN_vs_FAN-ZHENDONG,FAN-ZHENDONG,38860,38886,garcon,coup_droit,5,att/att,serveur_point_pour,,offensif,,out,topspin,,,,FAN-ZHENDONG,ALEXIS-LEBRUN
ALEXIS-LEBRUN_vs_FAN-ZHENDONG,ALEXIS-LEBRUN,39423,39481,garcon,coup_droit,5,att/att,ALEXIS-LEBRUN,lat_droit,,g1,,,37.81559104919434,-41.37965049743652,2.0,ALEXIS-LEBRUN,FAN-ZHENDONG
ALEXIS-LEBRUN_vs_FAN-ZHENDONG,FAN-ZHENDONG,39482,39496,garcon,revers,5,att/att,FAN-ZHENDONG,,intermediaire,m3,,flip,-13.84544258117676,91.43900578816732,2.0,FAN-ZHENDONG,ALEXIS-LEBRUN
ALEXIS-LEBRUN_vs_FAN-ZHENDONG,ALEXIS-LEBRUN,39497,39510,garcon,coup_droit,5,att/att,ALEXIS-LEBRUN,,offensif,m3,,topspin,11.670043182373046,-96.61014467875162,2.0,ALEXIS-LEBRUN,FAN-ZHENDONG
ALEXIS-LEBRUN_vs_FAN-ZHENDONG,FAN-ZHENDONG,39511,39532,garcon,revers,5,att/att,serveur_point_pour,,offensif,,out,topspin,,,,FAN-ZHENDONG,ALEXIS-LEBRUN
ALEXIS-LEBRUN_vs_FAN-ZHENDONG,ALEXIS-LEBRUN,40079,40101,garcon,coup_droit,5,att/att,ALEXIS-LEBRUN,lat_droit,,m3,,,16.12856788635254,-133.95999713540078,2.0,ALEXIS-LEBRUN,FAN-ZHENDONG
ALEXIS-LEBRUN_vs_FAN-ZHENDONG,FAN-ZHENDONG,40102,40124,garcon,revers,5,att/att,serveur_point_pour,,intermediaire,,out,topspin,,,,FAN-ZHENDONG,ALEXIS-LEBRUN
ALEXIS-LEBRUN_vs_FAN-ZHENDONG,FAN-ZHENDONG,40668,40733,garcon,coup_droit,5,att/att,FAN-ZHENDONG,lat_droit,,m2,,,8.292278289794922,66.94174067179362,2.0,FAN-ZHENDONG,ALEXIS-LEBRUN
ALEXIS-LEBRUN_vs_FAN-ZHENDONG,ALEXIS-LEBRUN,40734,40747,garcon,coup_droit,5,att/att,ALEXIS-LEBRUN,,defensif,g3,,poussette,46.26559143066406,-104.50116686820984,2.0,ALEXIS-LEBRUN,FAN-ZHENDONG
ALEXIS-LEBRUN_vs_FAN-ZHENDONG,FAN-ZHENDONG,40748,40758,garcon,revers,5,att/att,FAN-ZHENDONG,,offensif,g3,,topspin,-50.7065507888794,117.20881741841634,2.0,FAN-ZHENDONG,ALEXIS-LEBRUN
ALEXIS-LEBRUN_vs_FAN-ZHENDONG,ALEXIS-LEBRUN,40759,40788,garcon,revers,5,att/att,serveur_point_pour,,intermediaire,,out,bloc,,,,ALEXIS-LEBRUN,FAN-ZHENDONG
ALEXIS-LEBRUN_vs_FAN-ZHENDONG,FAN-ZHENDONG,41234,41270,garcon,coup_droit,5,att/att,FAN-ZHENDONG,lat_droit,,d2,,,47.61715545654297,61.83446515401205,2.0,FAN-ZHENDONG,ALEXIS-LEBRUN
ALEXIS-LEBRUN_vs_FAN-ZHENDONG,ALEXIS-LEBRUN,41271,41284,garcon,coup_droit,5,att/att,ALEXIS-LEBRUN,,intermediaire,m3,,flip,-13.060702514648437,-96.78773746490478,2.0,ALEXIS-LEBRUN,FAN-ZHENDONG
ALEXIS-LEBRUN_vs_FAN-ZHENDONG,FAN-ZHENDONG,41285,41297,garcon,coup_droit,5,att/att,FAN-ZHENDONG,,offensif,g3,,topspin,-64.73833026885987,114.18401743570963,2.0,FAN-ZHENDONG,ALEXIS-LEBRUN
ALEXIS-LEBRUN_vs_FAN-ZHENDONG,ALEXIS-LEBRUN,41298,41312,garcon,revers,5,att/att,serveur_point_contre,,intermediaire,d2,pt_gagne,bloc,-75.4574881851673,-85.75448185602824,2.0,ALEXIS-LEBRUN,FAN-ZHENDONG
ALEXIS-LEBRUN_vs_JANG-WOOJIN,ALEXIS-LEBRUN,36,71,garcon,coup_droit,1,att/att,ALEXIS-LEBRUN,lat_droit,,d2,,,44.42837295532227,59.201573053995766,2.0,ALEXIS-LEBRUN,JANG-WOOJIN
ALEXIS-LEBRUN_vs_JANG-WOOJIN,JANG-WOOJIN,72,82,garcon,coup_droit,1,att/att,JANG-WOOJIN,,intermediaire,m2,,flip,22.993374633789063,-78.24137239456176,2.0,JANG-WOOJIN,ALEXIS-LEBRUN
ALEXIS-LEBRUN_vs_JANG-WOOJIN,ALEXIS-LEBRUN,83,92,garcon,revers,1,att/att,ALEXIS-LEBRUN,,offensif,g2,,topspin,-44.57610740661621,88.43561553955078,2.0,ALEXIS-LEBRUN,JANG-WOOJIN
ALEXIS-LEBRUN_vs_JANG-WOOJIN,JANG-WOOJIN,93,105,garcon,coup_droit,1,att/att,JANG-WOOJIN,,intermediaire,g3,,topspin,35.01652946472168,-135.44318180580933,2.0,JANG-WOOJIN,ALEXIS-LEBRUN
ALEXIS-LEBRUN_vs_JANG-WOOJIN,ALEXIS-LEBRUN,106,123,garcon,revers,1,att/att,serveur_point_pour,,offensif,,filet,topspin,,,,ALEXIS-LEBRUN,JANG-WOOJIN
ALEXIS-LEBRUN_vs_JANG-WOOJIN,ALEXIS-LEBRUN,315,342,garcon,coup_droit,1,att/att,ALEXIS-LEBRUN,lat_droit,,g2,,,-33.59115982055664,76.8259651184082,2.0,ALEXIS-LEBRUN,JANG-WOOJIN
ALEXIS-LEBRUN_vs_JANG-WOOJIN,JANG-WOOJIN,343,353,garcon,coup_droit,1,att/att,JANG-WOOJIN,,offensif,g2,,topspin,32.63513679504395,-80.41715621948242,2.0,JANG-WOOJIN,ALEXIS-LEBRUN
ALEXIS-LEBRUN_vs_JANG-WOOJIN,ALEXIS-LEBRUN,354,363,garcon,revers,1,att/att,serveur_point_contre,,offensif,d3,pt_gagne,bloc,46.75331878662109,128.95899861653646,2.0,ALEXIS-LEBRUN,JANG-WOOJIN
ALEXIS-LEBRUN_vs_JANG-WOOJIN,JANG-WOOJIN,782,813,garcon,coup_droit,1,att/att,JANG-WOOJIN,lat_droit,,d2,,,-50.15488224029541,-66.34736359914145,2.0,JANG-WOOJIN,ALEXIS-LEBRUN
ALEXIS-LEBRUN_vs_JANG-WOOJIN,ALEXIS-LEBRUN,814,828,garcon,coup_droit,1,att/att,ALEXIS-LEBRUN,,defensif,m2,,poussette,-4.518624496459961,80.32557690938314,2.0,ALEXIS-LEBRUN,JANG-WOOJIN
ALEXIS-LEBRUN_vs_JANG-WOOJIN,JANG-WOOJIN,829,838,garcon,coup_droit,1,att/att,JANG-WOOJIN,,offensif,m3,,topspin,15.637636947631837,-91.7341996828715,2.0,JANG-WOOJIN,ALEXIS-LEBRUN
ALEXIS-LEBRUN_vs_JANG-WOOJIN,ALEXIS-LEBRUN,839,850,garcon,revers,1,att/att,serveur_point_contre,,intermediaire,d2,pt_gagne,bloc,58.213853454589845,60.99126307169596,2.0,ALEXIS-LEBRUN,JANG-WOOJIN
ALEXIS-LEBRUN_vs_JANG-WOOJIN,JANG-WOOJIN,1173,1214,garcon,coup_droit,1,att/att,JANG-WOOJIN,lat_droit,,d2,,,-39.05516376495361,-59.674381510416666,2.0,JANG-WOOJIN,ALEXIS-LEBRUN
ALEXIS-LEBRUN_vs_JANG-WOOJIN,ALEXIS-LEBRUN,1215,1229,garcon,coup_droit,1,att/att,ALEXIS-LEBRUN,,defensif,d2,,poussette,32.63513679504395,60.03503710428874,2.0,ALEXIS-LEBRUN,JANG-WOOJIN
ALEXIS-LEBRUN_vs_JANG-WOOJIN,JANG-WOOJIN,1230,1245,garcon,coup_droit,1,att/att,JANG-WOOJIN,,defensif,d2,,poussette,-30.880236625671387,-50.22997989654541,2.0,JANG-WOOJIN,ALEXIS-LEBRUN
ALEXIS-LEBRUN_vs_JANG-WOOJIN,ALEXIS-LEBRUN,1246,1277,garcon,coup_droit,1,att/att,serveur_point_pour,,offensif,,filet,topspin,,,,ALEXIS-LEBRUN,JANG-WOOJIN
ALEXIS-LEBRUN_vs_JANG-WOOJIN,ALEXIS-LEBRUN,1505,1536,garcon,revers,1,att/att,ALEXIS-LEBRUN,lat_gauche,,d2,,,42.09230880737304,66.39229965209961,2.0,ALEXIS-LEBRUN,JANG-WOOJIN
ALEXIS-LEBRUN_vs_JANG-WOOJIN,JANG-WOOJIN,1537,1552,garcon,coup_droit,1,att/att,JANG-WOOJIN,,defensif,m2,,poussette,-1.9549827575683596,-69.67470455169678,2.0,JANG-WOOJIN,ALEXIS-LEBRUN
ALEXIS-LEBRUN_vs_JANG-WOOJIN,ALEXIS-LEBRUN,1553,1568,garcon,coup_droit,1,att/att,ALEXIS-LEBRUN,,defensif,g2,,poussette,-70.14939038753509,87.66120681762695,2.0,ALEXIS-LEBRUN,JANG-WOOJIN
ALEXIS-LEBRUN_vs_JANG-WOOJIN,JANG-WOOJIN,1569,1579,garcon,coup_droit,1,att/att,JANG-WOOJIN,,offensif,d2,,topspin,-25.50000057220459,-87.57784996032714,2.0,JANG-WOOJIN,ALEXIS-LEBRUN
ALEXIS-LEBRUN_vs_JANG-WOOJIN,ALEXIS-LEBRUN,1580,1591,garcon,coup_droit,1,att/att,ALEXIS-LEBRUN,,intermediaire,m2,,bloc,-17.532099533081055,81.46952565511067,2.0,ALEXIS-LEBRUN,JANG-WOOJIN
ALEXIS-LEBRUN_vs_JANG-WOOJIN,JANG-WOOJIN,1592,1611,garcon,coup_droit,1,att/att,serveur_point_pour,,offensif,,filet,topspin,,,,JANG-WOOJIN,ALEXIS-LEBRUN
ALEXIS-LEBRUN_vs_JANG-WOOJIN,ALEXIS-LEBRUN,2029,2064,garcon,coup_droit,1,att/att,ALEXIS-LEBRUN,lat_gauche,,g2,,,-47.3582088470459,67.22201830546061,2.0,ALEXIS-LEBRUN,JANG-WOOJIN
ALEXIS-LEBRUN_vs_JANG-WOOJIN,JANG-WOOJIN,2065,2085,garcon,revers,1,att/att,serveur_point_pour,,offensif,,out,topspin,,,,JANG-WOOJIN,ALEXIS-LEBRUN
ALEXIS-LEBRUN_vs_JANG-WOOJIN,JANG-WOOJIN,2562,2602,garcon,coup_droit,1,att/att,JANG-WOOJIN,lat_droit,,m3,,,-22.83047752380371,-132.33011280695598,2.0,JANG-WOOJIN,ALEXIS-LEBRUN
ALEXIS-LEBRUN_vs_JANG-WOOJIN,ALEXIS-LEBRUN,2603,2613,garcon,revers,1,att/att,serveur_point_contre,,intermediaire,g2,pt_gagne,topspin,-39.05516376495361,72.70993067423503,2.0,ALEXIS-LEBRUN,JANG-WOOJIN
ALEXIS-LEBRUN_vs_JANG-WOOJIN,JANG-WOOJIN,2946,2980,garcon,coup_droit,1,att/att,JANG-WOOJIN,lat_droit,,d2,,,-50.15488224029541,-64.80976492563883,2.0,JANG-WOOJIN,ALEXIS-LEBRUN
ALEXIS-LEBRUN_vs_JANG-WOOJIN,ALEXIS-LEBRUN,2981,3010,garcon,revers,1,att/att,serveur_point_pour,,defensif,,out,poussette,,,,ALEXIS-LEBRUN,JANG-WOOJIN
ALEXIS-LEBRUN_vs_JANG-WOOJIN,ALEXIS-LEBRUN,3292,3326,garcon,coup_droit,1,att/att,ALEXIS-LEBRUN,lat_droit,,d2,,,46.75331878662109,52.045077641805015,2.0,ALEXIS-LEBRUN,JANG-WOOJIN
ALEXIS-LEBRUN_vs_JANG-WOOJIN,JANG-WOOJIN,3327,3342,garcon,coup_droit,1,att/att,JANG-WOOJIN,,defensif,m2,,poussette,-1.9549827575683596,-74.07984879811605,2.0,JANG-WOOJIN,ALEXIS-LEBRUN
ALEXIS-LEBRUN_vs_JANG-WOOJIN,ALEXIS-LEBRUN,3343,3353,garcon,coup_droit,1,att/att,ALEXIS-LEBRUN,,offensif,m2,,topspin,-1.9549827575683596,84.50535278320312,2.0,ALEXIS-LEBRUN,JANG-WOOJIN
ALEXIS-LEBRUN_vs_JANG-WOOJIN,JANG-WOOJIN,3354,3367,garcon,coup_droit,1,att/att,JANG-WOOJIN,,intermediaire,d2,,bloc,-25.50000057220459,-60.53837490081787,2.0,JANG-WOOJIN,ALEXIS-LEBRUN
ALEXIS-LEBRUN_vs_JANG-WOOJIN,ALEXIS-LEBRUN,3368,3378,garcon,coup_droit,1,att/att,ALEXIS-LEBRUN,,offensif,g2,,topspin,-44.57610740661621,85.37644500732422,2.0,ALEXIS-LEBRUN,JANG-WOOJIN
ALEXIS-LEBRUN_vs_JANG-WOOJIN,JANG-WOOJIN,3379,3428,garcon,revers,1,att/att,serveur_point_pour,,intermediaire,,out,bloc,,,,JANG-WOOJIN,ALEXIS-LEBRUN
ALEXIS-LEBRUN_vs_JANG-WOOJIN,ALEXIS-LEBRUN,3693,3701,garcon,coup_droit,1,att/att,ALEXIS-LEBRUN,lat_droit,,m2,,,-1.9549827575683596,49.26419881184896,2.0,ALEXIS-LEBRUN,JANG-WOOJIN
ALEXIS-LEBRUN_vs_JANG-WOOJIN,JANG-WOOJIN,3702,3727,garcon,revers,1,att/att,serveur_point_pour,,offensif,,out,topspin,,,,JANG-WOOJIN,ALEXIS-LEBRUN
ALEXIS-LEBRUN_vs_JANG-WOOJIN,JANG-WOOJIN,3985,4028,garcon,coup_droit,1,att/att,JANG-WOOJIN,lat_droit,,d2,,,-47.3582088470459,-73.8675370534261,2.0,JANG-WOOJIN,ALEXIS-LEBRUN
ALEXIS-LEBRUN_vs_JANG-WOOJIN,ALEXIS-LEBRUN,4029,4043,garcon,revers,1,att/att,ALEXIS-LEBRUN,,intermediaire,g2,,flip,-33.59115982055664,79.85358721415201,2.0,ALEXIS-LEBRUN,JANG-WOOJIN
ALEXIS-LEBRUN_vs_JANG-WOOJIN,JANG-WOOJIN,4044,4080,garcon,coup_droit,1,att/att,serveur_point_pour,,offensif,,filet,topspin,,,,JANG-WOOJIN,ALEXIS-LEBRUN
ALEXIS-LEBRUN_vs_JANG-WOOJIN,JANG-WOOJIN,4435,4484,garcon,coup_droit,1,att/att,JANG-WOOJIN,lat_droit,,d2,,,-41.80846195220947,-56.752780278523765,2.0,JANG-WOOJIN,ALEXIS-LEBRUN
ALEXIS-LEBRUN_vs_JANG-WOOJIN,ALEXIS-LEBRUN,4485,4508,garcon,coup_droit,1,att/att,serveur_point_pour,,intermediaire,,filet,flip,,,,ALEXIS-LEBRUN,JANG-WOOJIN
ALEXIS-LEBRUN_vs_JANG-WOOJIN,ALEXIS-LEBRUN,4613,4640,garcon,coup_droit,1,att/att,ALEXIS-LEBRUN,lat_droit,,g3,,,-47.3582088470459,93.29290758768715,2.0,ALEXIS-LEBRUN,JANG-WOOJIN
ALEXIS-LEBRUN_vs_JANG-WOOJIN,JANG-WOOJIN,4641,4664,garcon,revers,1,att/att,serveur_point_pour,,defensif,,filet,poussette,,,,JANG-WOOJIN,ALEXIS-LEBRUN
ALEXIS-LEBRUN_vs_JANG-WOOJIN,ALEXIS-LEBRUN,4750,4791,garcon,coup_droit,1,att/att,ALEXIS-LEBRUN,lat_droit,,d2,,,30.24221267700195,57.35986557006836,2.0,ALEXIS-LEBRUN,JANG-WOOJIN
ALEXIS-LEBRUN_vs_JANG-WOOJIN,JANG-WOOJIN,4792,4803,garcon,coup_droit,1,att/att,JANG-WOOJIN,,defensif,m2,,poussette,8.172622299194336,-53.08932043711344,2.0,JANG-WOOJIN,ALEXIS-LEBRUN
ALEXIS-LEBRUN_vs_JANG-WOOJIN,ALEXIS-LEBRUN,4804,4830,garcon,revers,1,att/att,serveur_point_pour,,defensif,,filet,poussette,,,,ALEXIS-LEBRUN,JANG-WOOJIN
ALEXIS-LEBRUN_vs_JANG-WOOJIN,JANG-WOOJIN,5040,5057,garcon,coup_droit,1,att/att,JANG-WOOJIN,lat_droit,,d2,,,-58.63348474502563,-57.49660739898682,2.0,JANG-WOOJIN,ALEXIS-LEBRUN
ALEXIS-LEBRUN_vs_JANG-WOOJIN,ALEXIS-LEBRUN,5058,5084,garcon,coup_droit,1,att/att,serveur_point_pour,,intermediaire,,out,flip,,,,ALEXIS-LEBRUN,JANG-WOOJIN
ALEXIS-LEBRUN_vs_JANG-WOOJIN,JANG-WOOJIN,5479,5519,garcon,coup_droit,1,att/att,JANG-WOOJIN,lat_droit,,m3,,,-7.095153045654297,-111.2971264521281,2.0,JANG-WOOJIN,ALEXIS-LEBRUN
ALEXIS-LEBRUN_vs_JANG-WOOJIN,ALEXIS-LEBRUN,5520,5531,garcon,coup_droit,1,att/att,ALEXIS-LEBRUN,,offensif,g2,,topspin,-39.05516376495361,72.70993067423503,2.0,ALEXIS-LEBRUN,JANG-WOOJIN
ALEXIS-LEBRUN_vs_JANG-WOOJIN,JANG-WOOJIN,5532,5542,garcon,revers,1,att/att,JANG-WOOJIN,,intermediaire,m2,,bloc,10.673250579833985,-64.58433122634888,2.0,JANG-WOOJIN,ALEXIS-LEBRUN
ALEXIS-LEBRUN_vs_JANG-WOOJIN,ALEXIS-LEBRUN,5543,5553,garcon,revers,1,att/att,ALEXIS-LEBRUN,,offensif,g3,,topspin,-47.3582088470459,131.6324629465739,2.0,ALEXIS-LEBRUN,JANG-WOOJIN
ALEXIS-LEBRUN_vs_JANG-WOOJIN,JANG-WOOJIN,5554,5562,garcon,revers,1,att/att,JANG-WOOJIN,,intermediaire,g3,,bloc,25.42142219543457,-106.65612018903096,2.0,JANG-WOOJIN,ALEXIS-LEBRUN
ALEXIS-LEBRUN_vs_JANG-WOOJIN,ALEXIS-LEBRUN,5563,5570,garcon,revers,1,att/att,ALEXIS-LEBRUN,,offensif,g3,,topspin,-47.3582088470459,120.89738883972169,2.0,ALEXIS-LEBRUN,JANG-WOOJIN
ALEXIS-LEBRUN_vs_JANG-WOOJIN,JANG-WOOJIN,5571,5593,garcon,revers,1,att/att,serveur_point_pour,,intermediaire,,filet,bloc,,,,JANG-WOOJIN,ALEXIS-LEBRUN
ALEXIS-LEBRUN_vs_JANG-WOOJIN,ALEXIS-LEBRUN,5845,5852,garcon,coup_droit,1,att/att,ALEXIS-LEBRUN,lat_droit,,m1,,,0.5958663940429687,43.25801060994466,2.0,ALEXIS-LEBRUN,JANG-WOOJIN
ALEXIS-LEBRUN_vs_JANG-WOOJIN,JANG-WOOJIN,5853,5877,garcon,revers,1,att/att,serveur_point_pour,,defensif,,filet,poussette,,,,JANG-WOOJIN,ALEXIS-LEBRUN
FELIX-LEBRUN_vs_DANG-QIU,DAN-QIU,84,131,garcon,coup_droit,1,att/att,DAN-QIU,lat_droit,,m2,,,-13.80306396484375,65.59757868448894,2.0,DAN-QIU,FELIX-LEBRUN
FELIX-LEBRUN_vs_DANG-QIU,FELIX-LEBRUN,132,142,garcon,revers,1,att/att,FELIX-LEBRUN,,offensif,m2,,topspin,-5.782611846923828,-73.0215433438619,2.0,FELIX-LEBRUN,DAN-QIU
FELIX-LEBRUN_vs_DANG-QIU,DAN-QIU,143,165,garcon,revers,1,att/att,serveur_point_pour,,intermediaire,,filet,bloc,,,,DAN-QIU,FELIX-LEBRUN
FELIX-LEBRUN_vs_DANG-QIU,DAN-QIU,435,457,garcon,coup_droit,1,att/att,DAN-QIU,lat_droit,,d2,,,35.28571739196777,53.87375462849935,2.0,DAN-QIU,FELIX-LEBRUN
FELIX-LEBRUN_vs_DANG-QIU,FELIX-LEBRUN,458,467,garcon,coup_droit,1,att/att,FELIX-LEBRUN,,defensif,d2,,poussette,-30.16408004760742,-61.66519063313802,2.0,FELIX-LEBRUN,DAN-QIU
FELIX-LEBRUN_vs_DANG-QIU,DAN-QIU,468,484,garcon,coup_droit,1,att/att,DAN-QIU,,intermediaire,d2,,topspin,37.76100692749024,74.96225560506186,2.0,DAN-QIU,FELIX-LEBRUN
FELIX-LEBRUN_vs_DANG-QIU,FELIX-LEBRUN,485,505,garcon,coup_droit,1,att/att,serveur_point_pour,,offensif,,out,topspin,,,,FELIX-LEBRUN,DAN-QIU
FELIX-LEBRUN_vs_DANG-QIU,FELIX-LEBRUN,717,742,garcon,coup_droit,1,att/att,FELIX-LEBRUN,lat_droit,,m2,,,-16.49999866485596,-46.73185755411784,2.0,FELIX-LEBRUN,DAN-QIU
FELIX-LEBRUN_vs_DANG-QIU,DAN-QIU,743,758,garcon,coup_droit,1,att/att,DAN-QIU,,defensif,m1,,poussette,17.663113021850585,31.574532318115235,2.0,DAN-QIU,FELIX-LEBRUN
FELIX-LEBRUN_vs_DANG-QIU,FELIX-LEBRUN,759,778,garcon,coup_droit,1,att/att,FELIX-LEBRUN,,defensif,m3,,poussette,-3.1323211669921878,-112.0368771870931,2.0,FELIX-LEBRUN,DAN-QIU
FELIX-LEBRUN_vs_DANG-QIU,DAN-QIU,779,791,garcon,coup_droit,1,att/att,DAN-QIU,,offensif,m3,,topspin,-0.4935039520263672,124.30282567342122,2.0,DAN-QIU,FELIX-LEBRUN
FELIX-LEBRUN_vs_DANG-QIU,FELIX-LEBRUN,792,803,garcon,coup_droit,1,att/att,FELIX-LEBRUN,,intermediaire,m2,,bloc,22.75159111022949,-66.71511367162068,2.0,FELIX-LEBRUN,DAN-QIU
FELIX-LEBRUN_vs_DANG-QIU,DAN-QIU,804,813,garcon,coup_droit,1,att/att,serveur_point_contre,,offensif,d3,pt_gagne,topspin,,,,DAN-QIU,FELIX-LEBRUN
FELIX-LEBRUN_vs_DANG-QIU,FELIX-LEBRUN,1056,1058,garcon,coup_droit,1,att/att,FELIX-LEBRUN,lat_droit,,g3,,,35.28571739196777,-94.84816624323528,2.0,FELIX-LEBRUN,DAN-QIU
FELIX-LEBRUN_vs_DANG-QIU,DAN-QIU,1059,1068,garcon,revers,1,att/att,DAN-QIU,,offensif,m2,,topspin,-13.80306396484375,86.14620246887208,2.0,DAN-QIU,FELIX-LEBRUN
FELIX-LEBRUN_vs_DANG-QIU,FELIX-LEBRUN,1069,1078,garcon,revers,1,att/att,FELIX-LEBRUN,,offensif,m3,,topspin,-11.11790351867676,-109.61631642977396,2.0,FELIX-LEBRUN,DAN-QIU
FELIX-LEBRUN_vs_DANG-QIU,DAN-QIU,1079,1108,garcon,revers,1,att/att,serveur_point_pour,,intermediaire,,out,bloc,,,,DAN-QIU,FELIX-LEBRUN
FELIX-LEBRUN_vs_DANG-QIU,DAN-QIU,1543,1587,garcon,coup_droit,1,att/att,DAN-QIU,lat_droit,,m2,,,12.531045913696287,75.02063153584798,2.0,DAN-QIU,FELIX-LEBRUN
FELIX-LEBRUN_vs_DANG-QIU,FELIX-LEBRUN,1588,1599,garcon,revers,1,att/att,FELIX-LEBRUN,,offensif,g2,,topspin,45.125,-60.94942785898844,2.0,FELIX-LEBRUN,DAN-QIU
FELIX-LEBRUN_vs_DANG-QIU,DAN-QIU,1600,1626,garcon,coup_droit,1,att/att,serveur_point_pour,,offensif,,out,topspin,,,,DAN-QIU,FELIX-LEBRUN
FELIX-LEBRUN_vs_DANG-QIU,DAN-QIU,1908,1931,garcon,coup_droit,1,att/att,DAN-QIU,lat_droit,,m2,,,20.212766265869146,79.15260569254558,2.0,DAN-QIU,FELIX-LEBRUN
FELIX-LEBRUN_vs_DANG-QIU,FELIX-LEBRUN,1932,1943,garcon,coup_droit,1,att/att,FELIX-LEBRUN,,defensif,g3,,poussette,35.28571739196777,-97.883309618632,2.0,FELIX-LEBRUN,DAN-QIU
FELIX-LEBRUN_vs_DANG-QIU,DAN-QIU,1944,1974,garcon,coup_droit,1,att/att,serveur_point_pour,,intermediaire,,filet,topspin,,,,DAN-QIU,FELIX-LEBRUN
FELIX-LEBRUN_vs_DANG-QIU,FELIX-LEBRUN,2370,2377,garcon,coup_droit,1,att/att,FELIX-LEBRUN,lat_droit,,d2,,,-49.810810565948486,-57.75655536651611,2.0,FELIX-LEBRUN,DAN-QIU
FELIX-LEBRUN_vs_DANG-QIU,DAN-QIU,2378,2390,garcon,coup_droit,1,att/att,DAN-QIU,,defensif,m1,,poussette,12.531045913696287,42.53746592203776,2.0,DAN-QIU,FELIX-LEBRUN
FELIX-LEBRUN_vs_DANG-QIU,FELIX-LEBRUN,2391,2419,garcon,coup_droit,1,att/att,serveur_point_pour,,defensif,,out,poussette,,,,FELIX-LEBRUN,DAN-QIU
FELIX-LEBRUN_vs_DANG-QIU,FELIX-LEBRUN,2709,2747,garcon,coup_droit,1,att/att,serveur_point_pour,lat_droit,,,filet,,,,,FELIX-LEBRUN,DAN-QIU
FELIX-LEBRUN_vs_DANG-QIU,DAN-QIU,2941,2977,garcon,coup_droit,1,att/att,DAN-QIU,lat_droit,,m3,,,-16.49999866485596,110.09709256490072,2.0,DAN-QIU,FELIX-LEBRUN
FELIX-LEBRUN_vs_DANG-QIU,FELIX-LEBRUN,2978,2997,garcon,coup_droit,1,att/att,serveur_point_pour,,offensif,,out,topspin,,,,FELIX-LEBRUN,DAN-QIU
FELIX-LEBRUN_vs_DANG-QIU,DAN-QIU,3256,3271,garcon,coup_droit,1,att/att,DAN-QIU,lat_droit,,m3,,,-16.49999866485596,111.68122126261392,2.0,DAN-QIU,FELIX-LEBRUN
FELIX-LEBRUN_vs_DANG-QIU,FELIX-LEBRUN,3272,3298,garcon,coup_droit,1,att/att,serveur_point_pour,,intermediaire,,filet,topspin,,,,FELIX-LEBRUN,DAN-QIU
FELIX-LEBRUN_vs_DANG-QIU,FELIX-LEBRUN,3537,3556,garcon,coup_droit,1,att/att,FELIX-LEBRUN,lat_droit,,m2,,,-8.444441223144532,-73.18063125610351,2.0,FELIX-LEBRUN,DAN-QIU
FELIX-LEBRUN_vs_DANG-QIU,DAN-QIU,3557,3568,garcon,coup_droit,1,att/att,DAN-QIU,,defensif,m2,,poussette,-19.208790969848632,65.88592198689778,2.0,DAN-QIU,FELIX-LEBRUN
FELIX-LEBRUN_vs_DANG-QIU,FELIX-LEBRUN,3569,3582,garcon,coup_droit,1,att/att,FELIX-LEBRUN,,defensif,m3,,poussette,25.279660034179688,-106.36498525937398,2.0,FELIX-LEBRUN,DAN-QIU
FELIX-LEBRUN_vs_DANG-QIU,DAN-QIU,3583,3592,garcon,revers,1,att/att,DAN-QIU,,offensif,g3,,topspin,-46.96629180908203,91.71583417256672,2.0,DAN-QIU,FELIX-LEBRUN
FELIX-LEBRUN_vs_DANG-QIU,FELIX-LEBRUN,3593,3600,garcon,revers,1,att/att,serveur_point_contre,,offensif,d3,pt_gagne,topspin,-73.03669726848602,-123.43140137195589,2.0,FELIX-LEBRUN,DAN-QIU
FELIX-LEBRUN_vs_DANG-QIU,FELIX-LEBRUN,3849,3888,garcon,coup_droit,1,att/att,FELIX-LEBRUN,lat_droit,,g1,,,37.76100692749024,-37.10253785451253,2.0,FELIX-LEBRUN,DAN-QIU
FELIX-LEBRUN_vs_DANG-QIU,DAN-QIU,3889,3923,garcon,revers,1,att/att,serveur_point_pour,,intermediaire,,filet,flip,,,,DAN-QIU,FELIX-LEBRUN
FELIX-LEBRUN_vs_DANG-QIU,DAN-QIU,4382,4410,garcon,coup_droit,1,att/att,DAN-QIU,lat_droit,,d2,,,30.303798294067384,58.67300173441569,2.0,DAN-QIU,FELIX-LEBRUN
FELIX-LEBRUN_vs_DANG-QIU,FELIX-LEBRUN,4411,4422,garcon,coup_droit,1,att/att,FELIX-LEBRUN,,defensif,g2,,poussette,32.799998092651364,-69.19483210245768,2.0,FELIX-LEBRUN,DAN-QIU
FELIX-LEBRUN_vs_DANG-QIU,DAN-QIU,4423,4446,garcon,revers,1,att/att,serveur_point_pour,,offensif,,filet,topspin,,,,DAN-QIU,FELIX-LEBRUN
FELIX-LEBRUN_vs_DANG-QIU,DAN-QIU,4759,4781,garcon,coup_droit,1,att/att,DAN-QIU,lat_droit,,d2,,,27.797038269042968,49.6338607788086,2.0,DAN-QIU,FELIX-LEBRUN
FELIX-LEBRUN_vs_DANG-QIU,FELIX-LEBRUN,4782,4798,garcon,coup_droit,1,att/att,FELIX-LEBRUN,,defensif,m2,,poussette,7.354838943481445,-70.68289136886597,2.0,FELIX-LEBRUN,DAN-QIU
FELIX-LEBRUN_vs_DANG-QIU,DAN-QIU,4799,4814,garcon,coup_droit,1,att/att,DAN-QIU,,defensif,m2,,poussette,-3.1323211669921878,66.59535242716471,2.0,DAN-QIU,FELIX-LEBRUN
FELIX-LEBRUN_vs_DANG-QIU,FELIX-LEBRUN,4815,4830,garcon,coup_droit,1,att/att,FELIX-LEBRUN,,defensif,g3,,poussette,45.125,-121.14640111923218,2.0,FELIX-LEBRUN,DAN-QIU
FELIX-LEBRUN_vs_DANG-QIU,DAN-QIU,4831,4839,garcon,revers,1,att/att,DAN-QIU,,offensif,d2,,topspin,30.303798294067384,64.76888783772786,2.0,DAN-QIU,FELIX-LEBRUN
FELIX-LEBRUN_vs_DANG-QIU,FELIX-LEBRUN,4840,4850,garcon,coup_droit,1,att/att,FELIX-LEBRUN,,intermediaire,m2,,topspin,-21.929516983032222,-66.03103869756063,2.0,FELIX-LEBRUN,DAN-QIU
FELIX-LEBRUN_vs_DANG-QIU,DAN-QIU,4851,4861,garcon,coup_droit,1,att/att,DAN-QIU,,offensif,d2,,topspin,45.125,77.50360323588053,2.0,DAN-QIU,FELIX-LEBRUN
FELIX-LEBRUN_vs_DANG-QIU,FELIX-LEBRUN,4862,4872,garcon,coup_droit,1,att/att,FELIX-LEBRUN,,intermediaire,m2,,topspin,15.102566146850586,-85.66491896311442,2.0,FELIX-LEBRUN,DAN-QIU
FELIX-LEBRUN_vs_DANG-QIU,DAN-QIU,4873,4885,garcon,coup_droit,1,att/att,DAN-QIU,,intermediaire,g2,,topspin,-41.315436363220215,62.217000834147136,2.0,DAN-QIU,FELIX-LEBRUN
FELIX-LEBRUN_vs_DANG-QIU,FELIX-LEBRUN,4886,4908,garcon,revers,1,att/att,serveur_point_pour,,offensif,,out,topspin,,,,FELIX-LEBRUN,DAN-QIU
FELIX-LEBRUN_vs_DANG-QIU,FELIX-LEBRUN,5210,5246,garcon,coup_droit,1,att/att,FELIX-LEBRUN,lat_gauche,,d2,,,-49.810810565948486,-54.50265903472901,2.0,FELIX-LEBRUN,DAN-QIU
FELIX-LEBRUN_vs_DANG-QIU,DAN-QIU,5247,5263,garcon,coup_droit,1,att/att,DAN-QIU,,defensif,d3,,poussette,54.80164642333985,97.75789108276368,2.0,DAN-QIU,FELIX-LEBRUN
FELIX-LEBRUN_vs_DANG-QIU,FELIX-LEBRUN,5264,5273,garcon,coup_droit,1,att/att,FELIX-LEBRUN,,offensif,m3,,topspin,4.75,-115.98295553525288,2.0,FELIX-LEBRUN,DAN-QIU
FELIX-LEBRUN_vs_DANG-QIU,DAN-QIU,5274,5304,garcon,revers,1,att/att,serveur_point_pour,,intermediaire,,out,bloc,,,,DAN-QIU,FELIX-LEBRUN
FELIX-LEBRUN_vs_DANG-QIU,FELIX-LEBRUN,5552,5569,garcon,coup_droit,1,att/att,FELIX-LEBRUN,lat_gauche,,d2,,,-52.668170833587645,-69.30125363667806,2.0,FELIX-LEBRUN,DAN-QIU
FELIX-LEBRUN_vs_DANG-QIU,DAN-QIU,5570,5584,garcon,coup_droit,1,att/att,DAN-QIU,,defensif,d2,,poussette,30.303798294067384,63.24491195678711,2.0,DAN-QIU,FELIX-LEBRUN
FELIX-LEBRUN_vs_DANG-QIU,FELIX-LEBRUN,5585,5595,garcon,coup_droit,1,att/att,serveur_point_contre,,offensif,d3,pt_gagne,topspin,-49.810810565948486,-93.54934533437093,2.0,FELIX-LEBRUN,DAN-QIU
FELIX-LEBRUN_vs_DANG-QIU,DAN-QIU,5976,6001,garcon,coup_droit,1,att/att,DAN-QIU,lat_droit,,g3,,,-64.22779006958008,107.77862218221028,2.0,DAN-QIU,FELIX-LEBRUN
FELIX-LEBRUN_vs_DANG-QIU,FELIX-LEBRUN,6002,6027,garcon,revers,1,att/att,serveur_point_pour,,intermediaire,,filet,topspin,,,,FELIX-LEBRUN,DAN-QIU
FELIX-LEBRUN_vs_DANG-QIU,DAN-QIU,6302,6325,garcon,coup_droit,1,att/att,DAN-QIU,lat_droit,,g2,,,-52.668170833587645,59.51754519144694,2.0,DAN-QIU,FELIX-LEBRUN
FELIX-LEBRUN_vs_DANG-QIU,FELIX-LEBRUN,6326,6338,garcon,revers,1,att/att,FELIX-LEBRUN,,offensif,m2,,topspin,17.663113021850585,-88.56270643870036,2.0,FELIX-LEBRUN,DAN-QIU
FELIX-LEBRUN_vs_DANG-QIU,DAN-QIU,6339,6347,garcon,coup_droit,1,att/att,serveur_point_contre,,offensif,m3,pt_gagne,topspin,7.354838943481445,118.8404691060384,2.0,DAN-QIU,FELIX-LEBRUN
FELIX-LEBRUN_vs_DANG-QIU,FELIX-LEBRUN,6876,6906,garcon,coup_droit,1,att/att,FELIX-LEBRUN,lat_gauche,,g2,,,71.35641403198242,-80.18089135487874,2.0,FELIX-LEBRUN,DAN-QIU
FELIX-LEBRUN_vs_DANG-QIU,DAN-QIU,6907,6916,garcon,revers,1,att/att,DAN-QIU,,intermediaire,m2,,topspin,-11.11790351867676,63.87713495890299,2.0,DAN-QIU,FELIX-LEBRUN
FELIX-LEBRUN_vs_DANG-QIU,FELIX-LEBRUN,6917,6925,garcon,revers,1,att/att,FELIX-LEBRUN,,offensif,d2,,topspin,-32.933334541320804,-58.59171791076661,2.0,FELIX-LEBRUN,DAN-QIU
FELIX-LEBRUN_vs_DANG-QIU,DAN-QIU,6926,6938,garcon,coup_droit,1,att/att,DAN-QIU,,intermediaire,d2,,topspin,30.303798294067384,87.62850863138834,2.0,DAN-QIU,FELIX-LEBRUN
FELIX-LEBRUN_vs_DANG-QIU,FELIX-LEBRUN,6939,6946,garcon,coup_droit,1,att/att,FELIX-LEBRUN,,offensif,d3,,topspin,-46.96629180908203,-111.1953017393748,2.0,FELIX-LEBRUN,DAN-QIU
FELIX-LEBRUN_vs_DANG-QIU,DAN-QIU,6947,6959,garcon,coup_droit,1,att/att,DAN-QIU,,intermediaire,g3,,topspin,-67.15068516731262,126.16625645955403,2.0,DAN-QIU,FELIX-LEBRUN
FELIX-LEBRUN_vs_DANG-QIU,FELIX-LEBRUN,6960,6969,garcon,revers,1,att/att,FELIX-LEBRUN,,offensif,m2,,topspin,4.75,-64.60795335769653,2.0,FELIX-LEBRUN,DAN-QIU
FELIX-LEBRUN_vs_DANG-QIU,DAN-QIU,6971,6992,garcon,revers,1,att/att,DAN-QIU,,intermediaire,m3,,bloc,2.13391227722168,127.15472768147788,2.0,DAN-QIU,FELIX-LEBRUN
FELIX-LEBRUN_vs_DANG-QIU,FELIX-LEBRUN,6993,7003,garcon,coup_droit,1,att/att,FELIX-LEBRUN,,offensif,m2,,topspin,7.354838943481445,-53.59472255706787,2.0,FELIX-LEBRUN,DAN-QIU
FELIX-LEBRUN_vs_DANG-QIU,DAN-QIU,7004,7016,garcon,revers,1,att/att,DAN-QIU,,offensif,g3,,topspin,-35.714921379089354,115.03117396036784,2.0,DAN-QIU,FELIX-LEBRUN
FELIX-LEBRUN_vs_DANG-QIU,FELIX-LEBRUN,7017,7028,garcon,revers,1,att/att,FELIX-LEBRUN,,intermediaire,m2,,bloc,-3.1323211669921878,-57.19364833831787,2.0,FELIX-LEBRUN,DAN-QIU
FELIX-LEBRUN_vs_DANG-QIU,DAN-QIU,7029,7047,garcon,coup_droit,1,att/att,DAN-QIU,,offensif,g3,,topspin,-64.22779006958008,125.87885386149088,2.0,DAN-QIU,FELIX-LEBRUN
FELIX-LEBRUN_vs_DANG-QIU,FELIX-LEBRUN,7048,7076,garcon,revers,1,att/att,serveur_point_pour,,intermediaire,,filet,bloc,,,,FELIX-LEBRUN,DAN-QIU
FELIX-LEBRUN_vs_DANG-QIU,FELIX-LEBRUN,7382,7421,garcon,coup_droit,1,att/att,FELIX-LEBRUN,lat_droit,,m2,,,20.212766265869146,-65.32011445363362,2.0,FELIX-LEBRUN,DAN-QIU
FELIX-LEBRUN_vs_DANG-QIU,DAN-QIU,7422,7442,garcon,coup_droit,1,att/att,serveur_point_pour,,defensif,,filet,poussette,,,,DAN-QIU,FELIX-LEBRUN
FELIX-LEBRUN_vs_DANG-QIU,DAN-QIU,7808,7839,garcon,coup_droit,1,att/att,DAN-QIU,lat_droit,,d2,,,37.76100692749024,61.33275616963704,2.0,DAN-QIU,FELIX-LEBRUN
FELIX-LEBRUN_vs_DANG-QIU,FELIX-LEBRUN,7840,7860,garcon,coup_droit,1,att/att,serveur_point_pour,,defensif,,filet,poussette,,,,FELIX-LEBRUN,DAN-QIU
FELIX-LEBRUN_vs_DANG-QIU,FELIX-LEBRUN,8113,8130,garcon,coup_droit,1,att/att,FELIX-LEBRUN,lat_droit,,d2,,,-58.42176923751831,-58.14945621490479,2.0,FELIX-LEBRUN,DAN-QIU
FELIX-LEBRUN_vs_DANG-QIU,DAN-QIU,8131,8147,garcon,coup_droit,1,att/att,DAN-QIU,,defensif,m2,,poussette,-16.49999866485596,64.15729064941407,2.0,DAN-QIU,FELIX-LEBRUN
FELIX-LEBRUN_vs_DANG-QIU,FELIX-LEBRUN,8148,8157,garcon,coup_droit,1,att/att,FELIX-LEBRUN,,offensif,d3,,topspin,-55.53846139907837,-97.24125712712606,2.0,FELIX-LEBRUN,DAN-QIU
FELIX-LEBRUN_vs_DANG-QIU,DAN-QIU,8158,8169,garcon,coup_droit,1,att/att,serveur_point_contre,,intermediaire,d3,pt_gagne,bloc,32.799998092651364,133.0669848124186,2.0,DAN-QIU,FELIX-LEBRUN
